timestep,scenario,ev_mw,dc_mw,total_mw,ev_bus_voltage_pu,ai_bus_voltage_pu,dist_bus_voltage_pu,transformer_loading_pct,n_violations_pre,voltage_violation,transformer_overload,optimization_triggered,optimization_feasible,opt_runtime_sec,demand_reduction_mw,optimized_total_mw,post_opt_ev_voltage,post_opt_ai_voltage,n_violations_post
0,low_stress,0.467,0.0,0.467,0.9528,1.0075,1.0184,0.0,0,False,False,False,,,0.0,,,,
1,low_stress,0.419,0.0,0.419,0.9575,1.0084,1.0192,0.0,0,False,False,False,,,0.0,,,,
2,low_stress,1.333,1.19,2.523,0.8674,0.9383,0.9877,0.0,5,True,False,True,True,1.7953,1.526,0.997,0.9087,0.9995,2
3,low_stress,0.024,0.957,0.981,0.9789,0.9694,1.0109,0.0,0,False,False,False,,,0.0,,,,
4,low_stress,1.657,0.0,1.657,0.8601,0.9907,1.0017,0.0,3,True,False,True,True,0.0246,0.804,0.853,0.9201,1.0015,2
5,low_stress,0.829,0.656,1.484,0.9129,0.971,1.0029,0.0,2,True,False,True,True,0.0264,0.812,0.672,0.9349,1.0042,1
6,low_stress,0.103,1.069,1.172,0.9696,0.9623,1.0077,0.0,0,False,False,False,,,0.0,,,,
7,low_stress,0.0,2.38,2.38,0.959,0.905,0.99,0.0,2,True,False,True,True,0.0234,2.38,0.0,0.9964,1.0154,0
8,low_stress,0.431,0.48,0.911,0.9486,0.9857,1.0116,0.0,1,True,False,True,True,0.0228,0.911,0.0,0.9964,1.0154,0
9,low_stress,0.961,1.658,2.62,0.889,0.9224,0.986,0.0,5,True,False,True,True,0.0225,2.62,0.0,0.9964,1.0154,0
10,low_stress,1.072,0.0,1.072,0.9029,0.9984,1.0094,0.0,2,True,False,True,True,0.0228,0.409,0.664,0.9356,1.0044,1
11,low_stress,0.45,1.581,2.032,0.9304,0.9324,0.9941,0.0,3,True,False,True,True,0.0214,1.99,0.041,0.9928,1.0148,0
12,low_stress,0.0,0.0,0.0,0.9964,1.0154,1.0262,0.0,0,False,False,False,,,0.0,,,,
13,low_stress,0.628,0.925,1.554,0.9251,0.9606,1.0015,0.0,2,True,False,True,True,0.0232,1.554,0.0,0.9964,1.0154,0
14,low_stress,0.838,0.0,0.838,0.9213,1.0018,1.0127,0.0,2,True,False,True,True,0.0231,0.838,0.0,0.9964,1.0154,0
15,low_stress,0.809,0.0,0.809,0.9236,1.0022,1.0131,0.0,2,True,False,True,True,0.0228,0.216,0.593,0.9416,1.0055,1
16,low_stress,1.148,1.653,2.8,0.8752,0.9204,0.9836,0.0,6,True,False,True,True,0.0229,2.759,0.041,0.9928,1.0148,0
17,low_stress,0.561,0.0,0.561,0.9443,1.006,1.0168,0.0,1,True,False,True,True,0.0214,0.561,0.0,0.9964,1.0154,0
18,low_stress,0.0,0.0,0.0,0.9964,1.0154,1.0262,0.0,0,False,False,False,,,0.0,,,,
19,low_stress,0.877,0.441,1.318,0.9122,0.9807,1.0055,0.0,2,True,False,True,True,0.022,1.215,0.103,0.9872,1.0138,0
20,low_stress,1.025,0.064,1.089,0.9057,0.9962,1.0091,0.0,2,True,False,True,True,0.0218,0.295,0.794,0.9248,1.0024,2
21,low_stress,0.4,0.0,0.4,0.9594,1.0087,1.0195,0.0,0,False,False,False,,,0.0,,,,
22,low_stress,0.334,0.693,1.027,0.9543,0.9771,1.0099,0.0,0,False,False,False,,,0.0,,,,
23,low_stress,0.791,1.01,1.801,0.9106,0.9538,0.9977,0.0,2,True,False,True,True,0.0225,1.332,0.469,0.9526,1.0075,0
24,low_stress,0.85,0.0,0.85,0.9203,1.0016,1.0125,0.0,2,True,False,True,True,0.0223,0.409,0.441,0.9554,1.008,0
25,low_stress,1.049,1.358,2.407,0.8861,0.9344,0.989,0.0,4,True,False,True,True,0.0216,1.689,0.718,0.9311,1.0035,2
26,low_stress,0.899,0.0,0.899,0.9164,1.0009,1.0118,0.0,2,True,False,True,True,0.0234,0.168,0.731,0.93,1.0034,2
27,low_stress,0.735,2.88,3.615,0.8918,0.8758,0.9731,0.0,7,True,False,True,True,0.0224,3.572,0.043,0.9926,1.0147,0
28,low_stress,0.303,0.0,0.303,0.9687,1.0104,1.0212,0.0,0,False,False,False,,,0.0,,,,
29,low_stress,1.869,1.798,3.667,0.824,0.9064,0.9732,0.0,7,True,False,True,True,0.0225,2.494,1.173,0.8952,0.997,2
30,low_stress,0.389,0.091,0.48,0.959,1.0048,1.0184,0.0,0,False,False,False,,,0.0,,,,
31,low_stress,0.625,0.0,0.625,0.9388,1.005,1.0158,0.0,1,True,False,True,True,0.0231,0.54,0.085,0.9888,1.0141,0
32,low_stress,1.381,0.0,1.381,0.8797,0.9942,1.0052,0.0,3,True,False,True,True,0.0215,0.355,1.026,0.9064,0.9991,2
33,low_stress,2.283,0.3,2.583,0.815,0.9691,0.9898,0.0,4,True,False,True,True,0.0222,1.109,1.474,0.873,0.993,3
34,low_stress,0.576,1.207,1.783,0.9251,0.9473,0.9977,0.0,3,True,False,True,True,0.0212,1.783,0.0,0.9964,1.0154,0
35,low_stress,0.001,0.573,0.574,0.9874,0.9887,1.0175,0.0,0,False,False,False,,,0.0,,,,
36,low_stress,0.311,2.056,2.367,0.9358,0.914,0.9895,0.0,4,True,False,True,True,0.0215,2.362,0.005,0.996,1.0154,0
37,low_stress,0.952,0.0,0.952,0.9122,1.0001,1.011,0.0,2,True,False,True,True,0.0219,0.253,0.7,0.9326,1.0038,1
38,low_stress,0.8,0.0,0.8,0.9243,1.0023,1.0132,0.0,2,True,False,True,True,0.0231,0.203,0.597,0.9412,1.0054,1
39,low_stress,0.317,1.189,1.507,0.9473,0.9521,1.0019,0.0,1,True,False,True,True,0.0221,1.466,0.04,0.9929,1.0148,0
40,low_stress,1.775,0.67,2.445,0.8434,0.9573,0.9901,0.0,4,True,False,True,True,0.022,1.511,0.934,0.9136,1.0004,2
41,low_stress,0.43,0.0,0.43,0.9564,1.0082,1.019,0.0,0,False,False,False,,,0.0,,,,
42,low_stress,1.229,0.0,1.229,0.8909,0.9963,1.0072,0.0,3,True,False,True,True,0.0215,0.3,0.929,0.914,1.0004,2
43,low_stress,0.897,0.0,0.897,0.9165,1.0009,1.0118,0.0,2,True,False,True,True,0.0217,0.897,0.0,0.9964,1.0154,0
44,low_stress,0.634,0.233,0.867,0.9348,0.9941,1.0122,0.0,1,True,False,True,True,0.022,0.474,0.393,0.9601,1.0088,0
45,low_stress,0.0,1.282,1.282,0.9753,0.953,1.0057,0.0,0,False,False,False,,,0.0,,,,
46,low_stress,1.163,0.0,1.163,0.8959,0.9972,1.0081,0.0,2,True,False,True,True,0.0213,1.145,0.018,0.9948,1.0152,0
47,low_stress,1.153,0.0,1.153,0.8967,0.9973,1.0082,0.0,2,True,False,True,True,0.022,0.486,0.668,0.9352,1.0043,1
48,low_stress,0.69,0.0,0.69,0.9334,1.004,1.0149,0.0,1,True,False,True,True,0.0214,0.69,0.0,0.9964,1.0154,0
49,low_stress,0.933,1.065,1.997,0.8987,0.949,0.9948,0.0,4,True,False,True,True,0.0219,1.417,0.581,0.9426,1.0056,1
50,low_stress,0.0,0.292,0.292,0.9919,1.0021,1.0218,0.0,0,False,False,False,,,0.0,,,,
51,low_stress,1.03,1.781,2.811,0.8823,0.9164,0.9834,0.0,6,True,False,True,True,0.0217,2.811,0.0,0.9964,1.0154,0
52,low_stress,0.17,0.0,0.17,0.9811,1.0127,1.0234,0.0,0,False,False,False,,,0.0,,,,
53,low_stress,0.463,1.637,2.1,0.9286,0.9298,0.9931,0.0,3,True,False,True,True,0.0212,2.1,0.0,0.9964,1.0154,0
54,low_stress,0.923,0.0,0.923,0.9145,1.0005,1.0115,0.0,2,True,False,True,True,0.0219,0.264,0.659,0.936,1.0044,1
55,low_stress,0.229,0.168,0.397,0.973,1.004,1.0199,0.0,0,False,False,False,,,0.0,,,,
56,low_stress,0.8,0.0,0.8,0.9243,1.0023,1.0132,0.0,2,True,False,True,True,0.0219,0.336,0.464,0.9531,1.0076,0
57,low_stress,0.387,0.0,0.387,0.9607,1.0089,1.0198,0.0,0,False,False,False,,,0.0,,,,
58,low_stress,0.268,0.694,0.962,0.9606,0.9782,1.0111,0.0,0,False,False,False,,,0.0,,,,
59,low_stress,1.561,1.138,2.7,0.852,0.9379,0.9857,0.0,5,True,False,True,True,0.0229,1.666,1.034,0.9058,0.999,2
60,low_stress,0.119,0.761,0.88,0.9735,0.9775,1.0125,0.0,0,False,False,False,,,0.0,,,,
61,low_stress,1.13,0.0,1.13,0.8984,0.9976,1.0086,0.0,2,True,False,True,True,0.0221,0.362,0.769,0.9269,1.0028,2
62,low_stress,0.085,0.0,0.085,0.9889,1.0141,1.0248,0.0,0,False,False,False,,,0.0,,,,
63,low_stress,0.502,0.949,1.451,0.9353,0.9614,1.003,0.0,2,True,False,True,True,0.0214,1.451,0.0,0.9964,1.0154,0
64,low_stress,0.861,0.0,0.861,0.9194,1.0014,1.0123,0.0,2,True,False,True,True,0.0225,0.344,0.516,0.9482,1.0067,1
65,low_stress,0.477,0.789,1.266,0.9399,0.9699,1.006,0.0,1,True,False,True,True,0.0218,0.926,0.34,0.9652,1.0098,0
66,low_stress,0.592,1.547,2.138,0.9193,0.932,0.9926,0.0,3,True,False,True,True,0.0219,1.7,0.438,0.9557,1.008,0
67,low_stress,0.744,1.375,2.119,0.9094,0.9375,0.9929,0.0,4,True,False,True,True,0.0216,2.019,0.1,0.9875,1.0138,0
68,low_stress,0.0,0.0,0.0,0.9964,1.0154,1.0262,0.0,0,False,False,False,,,0.0,,,,
69,low_stress,1.181,0.0,1.181,0.8946,0.9969,1.0079,0.0,2,True,False,True,True,0.0218,0.259,0.922,0.9146,1.0005,2
70,low_stress,0.678,0.732,1.409,0.924,0.9696,1.0039,0.0,2,True,False,True,True,0.0209,1.409,0.0,0.9964,1.0154,0
71,low_stress,1.676,0.07,1.746,0.8578,0.9872,1.0004,0.0,3,True,False,True,True,0.0223,0.842,0.904,0.916,1.0008,2
72,low_stress,0.0,2.22,2.22,0.9613,0.9116,0.9921,0.0,2,True,False,True,True,0.0214,2.22,0.0,0.9964,1.0154,0
73,low_stress,0.787,0.0,0.787,0.9254,1.0025,1.0134,0.0,2,True,False,True,True,0.0213,0.142,0.645,0.9372,1.0047,1
74,low_stress,0.401,0.583,0.984,0.9497,0.9812,1.0105,0.0,1,True,False,True,True,0.0218,0.984,0.0,0.9964,1.0154,0
75,low_stress,1.234,0.0,1.234,0.8906,0.9962,1.0072,0.0,3,True,False,True,True,0.0218,0.283,0.95,0.9124,1.0001,2
76,low_stress,0.0,0.0,0.0,0.9964,1.0154,1.0262,0.0,0,False,False,False,,,0.0,,,,
77,low_stress,1.027,0.681,1.708,0.8971,0.9668,0.9997,0.0,3,True,False,True,True,0.021,1.508,0.2,0.9783,1.0122,0
78,low_stress,1.047,0.925,1.973,0.892,0.9543,0.9954,0.0,3,True,False,True,True,0.0218,1.226,0.747,0.9287,1.0031,2
79,low_stress,0.078,0.0,0.078,0.9895,1.0142,1.025,0.0,0,False,False,False,,,0.0,,,,
80,low_stress,1.226,0.585,1.811,0.8834,0.9687,0.9984,0.0,3,True,False,True,True,0.0227,0.832,0.979,0.9101,0.9997,2
81,low_stress,0.0,0.592,0.592,0.9871,0.9878,1.0172,0.0,0,False,False,False,,,0.0,,,,
82,low_stress,0.778,0.94,1.718,0.9127,0.9576,0.999,0.0,2,True,False,True,True,0.0219,1.147,0.572,0.9434,1.0058,1
83,low_stress,1.744,0.861,2.605,0.8429,0.9483,0.9874,0.0,5,True,False,True,True,0.0223,1.42,1.186,0.8942,0.9968,3
84,low_stress,0.0,1.969,1.969,0.9649,0.9222,0.9956,0.0,2,True,False,True,True,0.0211,1.969,0.0,0.9964,1.0154,0
85,low_stress,0.432,0.0,0.432,0.9563,1.0081,1.019,0.0,0,False,False,False,,,0.0,,,,
86,low_stress,0.758,1.307,2.065,0.9091,0.9403,0.9936,0.0,4,True,False,True,True,0.0218,2.008,0.057,0.9913,1.0145,0
87,low_stress,0.0,0.0,0.0,0.9964,1.0154,1.0262,0.0,0,False,False,False,,,0.0,,,,
88,low_stress,0.0,1.044,1.044,0.9795,0.9654,1.0098,0.0,0,False,False,False,,,0.0,,,,
89,low_stress,0.843,0.0,0.843,0.9208,1.0017,1.0126,0.0,2,True,False,True,True,0.0219,0.843,0.0,0.9964,1.0154,0
90,low_stress,0.14,1.71,1.85,0.9558,0.9312,0.997,0.0,1,True,False,True,True,0.021,1.85,0.0,0.9964,1.0154,0
91,low_stress,1.609,0.025,1.634,0.8631,0.9901,1.0019,0.0,3,True,False,True,True,0.0223,0.655,0.979,0.9101,0.9997,2
92,low_stress,1.621,0.896,2.517,0.8509,0.9481,0.9884,0.0,5,True,False,True,True,0.0217,1.647,0.87,0.9187,1.0013,2
93,low_stress,0.277,0.498,0.776,0.9631,0.9876,1.014,0.0,0,False,False,False,,,0.0,,,,
94,low_stress,0.0,2.816,2.816,0.9531,0.8875,0.9842,0.0,3,True,False,True,True,0.0209,2.816,0.0,0.9964,1.0154,0
95,low_stress,0.126,1.157,1.283,0.966,0.9573,1.0058,0.0,0,False,False,False,,,0.0,,,,
0,medium_stress,0.767,2.301,3.068,0.896,0.8982,0.98,0.0,7,True,False,True,True,0.0231,2.49,0.578,0.9469,1.004,1
1,medium_stress,1.441,1.931,3.371,0.8511,0.9055,0.9763,0.0,6,True,False,True,True,0.0223,1.101,2.271,0.8876,0.9405,4
2,medium_stress,0.939,0.707,1.646,0.9035,0.9668,1.0005,0.0,2,True,False,True,True,0.022,1.08,0.566,0.9439,1.0059,1
3,medium_stress,0.845,0.467,1.312,0.9143,0.9799,1.0056,0.0,2,True,False,True,True,0.0221,0.641,0.671,0.935,1.0043,1
4,medium_stress,1.252,3.824,5.076,0.8444,0.8358,0.9557,0.0,7,True,False,True,True,0.0222,2.432,2.645,0.9554,0.8943,2
5,medium_stress,1.388,0.648,2.036,0.8707,0.9634,0.9953,0.0,3,True,False,True,True,0.0219,0.701,1.335,0.9133,0.9792,2
6,medium_stress,1.12,2.367,3.487,0.8689,0.8914,0.9746,0.0,7,True,False,True,True,0.0218,2.82,0.667,0.9353,1.0043,1
7,medium_stress,1.74,2.048,3.788,0.8297,0.8976,0.9714,0.0,7,True,False,True,True,0.0217,2.337,1.451,0.9038,0.9777,2
8,medium_stress,1.083,0.0,1.083,0.9021,0.9983,1.0092,0.0,2,True,False,True,True,0.0217,0.998,0.085,0.9888,1.0141,0
9,medium_stress,1.139,1.178,2.317,0.8817,0.9412,0.9904,0.0,4,True,False,True,True,0.022,1.67,0.647,0.9842,0.986,0
10,medium_stress,1.34,0.845,2.185,0.8714,0.9543,0.9928,0.0,3,True,False,True,True,0.0217,1.119,1.067,0.9121,0.9942,2
11,medium_stress,1.379,3.336,4.716,0.8405,0.8519,0.9598,0.0,7,True,False,True,True,0.0215,2.814,1.902,0.9013,0.9532,3
12,medium_stress,0.253,0.298,0.55,0.9687,0.9975,1.0176,0.0,0,False,False,False,,,0.0,,,,
13,medium_stress,0.592,0.061,0.652,0.9408,1.0027,1.0155,0.0,1,True,False,True,True,0.0224,0.196,0.456,0.9539,1.0077,0
14,medium_stress,0.31,3.923,4.233,0.9137,0.8424,0.9663,0.0,7,True,False,True,True,0.0215,3.758,0.475,0.9884,0.9938,0
15,medium_stress,2.307,3.103,5.41,0.7838,0.8517,0.9526,0.0,7,True,False,True,True,0.0217,2.291,3.119,0.8663,0.9096,6
16,medium_stress,1.089,0.339,1.428,0.8971,0.9825,1.0041,0.0,3,True,False,True,True,0.0226,0.777,0.651,0.9366,1.0046,1
17,medium_stress,0.793,2.372,3.165,0.8932,0.895,0.9787,0.0,7,True,False,True,True,0.0226,1.194,1.971,0.9199,0.9401,3
18,medium_stress,0.258,3.002,3.26,0.9285,0.8769,0.9781,0.0,6,True,False,True,True,0.022,2.896,0.363,0.9908,0.9987,0
19,medium_stress,2.194,3.207,5.401,0.7895,0.8489,0.9525,0.0,7,True,False,True,True,0.022,3.514,1.887,0.9476,0.9323,2
20,medium_stress,2.706,1.27,3.976,0.7786,0.9203,0.9714,0.0,6,True,False,True,True,0.0216,2.349,1.627,0.8621,0.991,3
21,medium_stress,1.403,0.902,2.305,0.8661,0.9505,0.9911,0.0,4,True,False,True,True,0.0226,1.291,1.014,0.9158,0.9952,2
22,medium_stress,1.559,0.991,2.55,0.854,0.9445,0.9878,0.0,5,True,False,True,True,0.0221,1.35,1.199,0.8932,0.9967,3
23,medium_stress,1.41,2.281,3.691,0.8493,0.8917,0.9722,0.0,7,True,False,True,True,0.0218,2.365,1.326,0.9736,0.951,0
24,medium_stress,3.774,0.666,4.439,0.7279,0.9372,0.9698,0.0,6,True,False,True,True,0.0257,1.831,2.608,0.7986,0.9795,4
25,medium_stress,2.194,1.834,4.027,0.8031,0.9017,0.9692,0.0,7,True,False,True,True,0.0216,2.207,1.821,0.8704,0.9758,3
26,medium_stress,1.507,4.068,5.575,0.8248,0.8249,0.9502,0.0,7,True,False,True,True,0.0221,3.678,1.897,0.8942,0.9575,3
27,medium_stress,0.804,2.436,3.24,0.8916,0.8924,0.9777,0.0,7,True,False,True,True,0.0228,1.145,2.095,0.9201,0.9338,3
28,medium_stress,1.315,2.069,3.384,0.8583,0.9012,0.976,0.0,7,True,False,True,True,0.0225,2.375,1.009,0.9078,0.9993,2
29,medium_stress,1.334,3.871,5.205,0.8383,0.8333,0.9542,0.0,7,True,False,True,True,0.0217,2.059,3.146,0.8869,0.8987,7
30,medium_stress,0.497,1.323,1.82,0.93,0.9431,0.9971,0.0,3,True,False,True,True,0.0219,0.993,0.827,0.9832,0.9763,0
31,medium_stress,1.192,1.316,2.508,0.8761,0.9344,0.9877,0.0,5,True,False,True,True,0.0216,2.504,0.004,0.9961,1.0154,0
32,medium_stress,1.617,0.204,1.82,0.8603,0.9817,0.9992,0.0,3,True,False,True,True,0.0218,0.536,1.284,0.8868,0.9955,3
33,medium_stress,0.86,0.714,1.575,0.9096,0.9676,1.0015,0.0,2,True,False,True,True,0.0215,1.028,0.547,0.9455,1.0062,1
34,medium_stress,1.589,1.546,3.136,0.8453,0.9199,0.9797,0.0,6,True,False,True,True,0.0226,1.332,1.804,0.8964,0.9617,3
35,medium_stress,2.465,3.362,5.826,0.7722,0.841,0.9481,0.0,8,True,False,True,True,0.027,2.045,3.781,0.8324,0.8964,7
36,medium_stress,1.476,0.998,2.474,0.8597,0.9452,0.9887,0.0,5,True,False,True,True,0.0222,1.014,1.459,0.9134,0.9721,2
37,medium_stress,2.012,2.362,4.375,0.8089,0.8824,0.9645,0.0,7,True,False,True,True,0.0255,2.809,1.565,0.8765,0.9862,3
38,medium_stress,1.533,3.626,5.158,0.8273,0.84,0.9548,0.0,7,True,False,True,True,0.022,4.236,0.922,0.9146,1.0005,2
39,medium_stress,2.92,1.78,4.699,0.7614,0.8973,0.9627,0.0,7,True,False,True,True,0.0244,2.664,2.036,0.8344,0.986,4
40,medium_stress,0.5,3.163,3.663,0.9069,0.8679,0.9727,0.0,7,True,False,True,True,0.0222,1.326,2.337,0.939,0.9141,4
41,medium_stress,1.683,1.628,3.311,0.838,0.9155,0.9775,0.0,6,True,False,True,True,0.0217,2.071,1.24,0.9069,0.9876,2
42,medium_stress,1.784,1.821,3.604,0.8292,0.9064,0.9738,0.0,7,True,False,True,True,0.0218,2.49,1.114,0.9015,0.9969,2
43,medium_stress,0.785,1.799,2.584,0.9007,0.9186,0.9864,0.0,5,True,False,True,True,0.0225,2.029,0.555,0.9448,1.0061,1
44,medium_stress,0.43,2.966,3.396,0.9148,0.8762,0.9761,0.0,6,True,False,True,True,0.0217,1.138,2.258,0.9607,0.91,2
45,medium_stress,0.744,1.978,2.722,0.9017,0.9117,0.9845,0.0,5,True,False,True,True,0.0216,1.674,1.048,0.9795,0.9652,0
46,medium_stress,2.425,1.651,4.076,0.791,0.907,0.9692,0.0,7,True,False,True,True,0.0219,2.218,1.858,0.8607,0.9794,3
47,medium_stress,2.078,2.806,4.884,0.8004,0.8648,0.9584,0.0,7,True,False,True,True,0.0219,2.819,2.065,0.8791,0.9566,3
48,medium_stress,1.948,4.034,5.982,0.797,0.8221,0.9458,0.0,8,True,False,True,True,0.022,4.251,1.731,0.8884,0.9704,3
49,medium_stress,2.202,3.529,5.731,0.7861,0.8373,0.9488,0.0,8,True,False,True,True,0.0251,1.926,3.805,0.8478,0.8874,7
50,medium_stress,0.83,4.239,5.068,0.8705,0.8258,0.9562,0.0,7,True,False,True,True,0.0219,2.571,2.498,0.9574,0.9002,2
51,medium_stress,2.032,3.18,5.212,0.7996,0.8514,0.9545,0.0,7,True,False,True,True,0.0257,1.806,3.406,0.8534,0.9027,7
52,medium_stress,1.161,2.867,4.028,0.8605,0.8716,0.9679,0.0,7,True,False,True,True,0.0257,1.527,2.501,0.897,0.9243,5
53,medium_stress,1.265,1.549,2.814,0.8679,0.9235,0.9836,0.0,6,True,False,True,True,0.0219,2.085,0.729,0.9302,1.0034,2
54,medium_stress,0.482,0.416,0.898,0.9451,0.9879,1.0118,0.0,1,True,False,True,True,0.0213,0.635,0.264,0.9924,1.0034,0
55,medium_stress,1.153,0.942,2.095,0.8838,0.952,0.9937,0.0,3,True,False,True,True,0.0219,1.2,0.895,0.9256,0.9968,2
56,medium_stress,0.602,1.201,1.803,0.9231,0.9472,0.9974,0.0,3,True,False,True,True,0.0216,0.95,0.853,0.9807,0.976,0
57,medium_stress,0.212,6.29,6.502,0.8985,0.7675,0.9431,0.0,8,True,False,True,True,0.022,3.239,3.263,0.9473,0.8703,4
58,medium_stress,1.139,1.799,2.937,0.8741,0.9144,0.9818,0.0,6,True,False,True,True,0.0218,2.212,0.725,0.9305,1.0034,2
59,medium_stress,0.961,2.781,3.742,0.8759,0.8771,0.9714,0.0,7,True,False,True,True,0.0217,2.659,1.083,0.9323,0.9837,2
60,medium_stress,1.823,1.316,3.14,0.8322,0.9272,0.9801,0.0,6,True,False,True,True,0.0224,1.123,2.017,0.8809,0.9583,3
61,medium_stress,1.851,1.814,3.665,0.825,0.906,0.9732,0.0,7,True,False,True,True,0.0219,1.415,2.25,0.8753,0.9481,4
62,medium_stress,1.572,2.567,4.139,0.8353,0.8788,0.9668,0.0,7,True,False,True,True,0.0216,2.879,1.26,0.9154,0.9822,2
63,medium_stress,0.592,0.915,1.507,0.9283,0.9617,1.0022,0.0,2,True,False,True,True,0.0224,0.308,1.198,0.9438,0.9719,1
64,medium_stress,0.572,2.151,2.723,0.9131,0.9067,0.9846,0.0,5,True,False,True,True,0.0231,2.395,0.329,0.9662,1.01,0
65,medium_stress,2.266,1.393,3.658,0.8033,0.9194,0.9742,0.0,6,True,False,True,True,0.0227,2.231,1.428,0.8763,0.9936,3
66,medium_stress,2.385,3.202,5.587,0.7783,0.8474,0.9507,0.0,7,True,False,True,True,0.0217,2.293,3.295,0.8504,0.9095,6
67,medium_stress,3.082,4.092,7.175,0.7324,0.811,0.9346,0.0,8,True,False,True,True,0.0225,4.578,2.597,0.8287,0.9586,4
68,medium_stress,2.57,4.278,6.848,0.7585,0.8087,0.9372,0.0,8,True,False,True,True,0.0223,2.229,4.619,0.8261,0.8627,7
69,medium_stress,2.159,2.121,4.28,0.8022,0.8905,0.9659,0.0,7,True,False,True,True,0.0261,2.522,1.758,0.8672,0.9811,3
70,medium_stress,4.57,1.003,5.573,0.6876,0.9164,0.9588,0.0,7,True,False,True,True,0.0252,2.613,2.96,0.7782,0.9759,4
71,medium_stress,0.156,3.599,3.755,0.93,0.8559,0.9722,0.0,6,True,False,True,True,0.0231,1.757,1.998,0.955,0.9243,2
72,medium_stress,1.018,0.612,1.63,0.8987,0.9704,1.0009,0.0,3,True,False,True,True,0.0222,0.806,0.824,0.93,0.9986,2
73,medium_stress,2.011,0.059,2.07,0.8354,0.9836,0.9965,0.0,4,True,False,True,True,0.0217,0.944,1.126,0.8987,0.9977,2
74,medium_stress,1.068,4.32,5.388,0.8525,0.8206,0.9524,0.0,7,True,False,True,True,0.0217,2.405,2.983,0.902,0.8995,5
75,medium_stress,2.682,4.005,6.687,0.7545,0.817,0.939,0.0,8,True,False,True,True,0.022,2.508,4.179,0.8295,0.88,7
76,medium_stress,2.831,3.565,6.396,0.75,0.8309,0.9424,0.0,8,True,False,True,True,0.0251,4.072,2.323,0.8373,0.9684,4
77,medium_stress,0.617,4.405,5.022,0.8847,0.8224,0.957,0.0,7,True,False,True,True,0.0222,1.83,3.192,0.9224,0.8821,6
78,medium_stress,0.931,3.098,4.03,0.8747,0.8654,0.9679,0.0,7,True,False,True,True,0.0226,2.835,1.195,0.9244,0.9813,2
79,medium_stress,1.071,1.537,2.608,0.8823,0.9263,0.9862,0.0,6,True,False,True,True,0.022,1.134,1.474,0.9238,0.9659,2
80,medium_stress,1.048,0.815,1.863,0.8935,0.9599,0.9972,0.0,3,True,False,True,True,0.022,1.706,0.157,0.9823,1.0129,0
81,medium_stress,1.831,3.719,5.551,0.8071,0.8339,0.9505,0.0,7,True,False,True,True,0.0219,2.34,3.211,0.8716,0.9028,6
82,medium_stress,2.61,2.339,4.95,0.7733,0.8778,0.9587,0.0,7,True,False,True,True,0.022,2.511,2.439,0.8409,0.9593,4
83,medium_stress,0.601,1.021,1.622,0.9258,0.9562,1.0003,0.0,2,True,False,True,True,0.0216,0.512,1.11,0.9464,0.9757,1
84,medium_stress,1.643,1.833,3.476,0.8384,0.9074,0.9753,0.0,7,True,False,True,True,0.0216,1.655,1.821,0.9037,0.9565,3
85,medium_stress,0.719,3.658,4.378,0.8846,0.8472,0.964,0.0,7,True,False,True,True,0.0223,1.774,2.604,0.9195,0.9096,5
86,medium_stress,1.573,1.226,2.799,0.8501,0.9339,0.9843,0.0,5,True,False,True,True,0.0219,1.662,1.137,0.9124,0.9903,2
87,medium_stress,0.056,3.264,3.32,0.9425,0.8696,0.9777,0.0,5,True,False,True,True,0.0215,1.083,2.236,0.961,0.9109,2
88,medium_stress,1.363,0.41,1.773,0.8757,0.9753,0.9993,0.0,3,True,False,True,True,0.0242,0.704,1.069,0.9031,0.9985,2
89,medium_stress,0.558,0.0,0.558,0.9446,1.006,1.0169,0.0,1,True,False,True,True,0.022,0.091,0.467,0.9528,1.0075,0
90,medium_stress,1.708,4.117,5.824,0.8114,0.8214,0.9475,0.0,8,True,False,True,True,0.0223,2.656,3.168,0.8784,0.9015,6
91,medium_stress,1.525,1.409,2.933,0.8513,0.9265,0.9823,0.0,6,True,False,True,True,0.0243,1.726,1.207,0.8926,0.9966,3
92,medium_stress,1.198,0.251,1.449,0.89,0.9851,1.0039,0.0,3,True,False,True,True,0.0224,0.625,0.823,0.9321,0.9976,2
93,medium_stress,2.733,1.009,3.742,0.7798,0.9313,0.9746,0.0,6,True,False,True,True,0.0255,1.768,1.974,0.8429,0.984,4
94,medium_stress,1.019,1.643,2.662,0.8848,0.9224,0.9854,0.0,6,True,False,True,True,0.0219,2.037,0.626,0.9401,1.0044,1
95,medium_stress,1.788,3.161,4.948,0.8152,0.8543,0.9573,0.0,7,True,False,True,True,0.0255,1.643,3.305,0.865,0.9016,7
0,high_stress,2.443,5.091,7.533,0.7591,0.7838,0.9302,0.0,8,True,False,True,True,0.0254,2.662,4.871,0.8232,0.8536,7
1,high_stress,2.819,3.42,6.238,0.752,0.8361,0.9441,0.0,8,True,False,True,True,0.028,2.296,3.942,0.8249,0.8931,7
2,high_stress,3.179,3.558,6.737,0.7318,0.8285,0.9394,0.0,8,True,False,True,True,0.0262,2.184,4.553,0.7995,0.8798,7
3,high_stress,2.503,3.438,5.941,0.7694,0.838,0.9469,0.0,8,True,False,True,True,0.0253,1.984,3.956,0.8314,0.8889,7
4,high_stress,3.05,6.658,9.708,0.7157,0.7341,0.9106,0.0,8,True,False,True,True,0.0376,3.445,6.263,0.7876,0.816,8
5,high_stress,2.838,7.883,10.721,0.7188,0.7036,0.9024,0.0,8,True,False,True,True,0.0265,3.804,6.917,0.7878,0.7921,8
6,high_stress,2.024,6.232,8.256,0.7746,0.7531,0.9235,0.0,8,True,False,True,True,0.0258,5.246,3.01,0.8574,0.9194,6
7,high_stress,1.577,4.454,6.03,0.8168,0.8113,0.9453,0.0,8,True,False,True,True,0.0233,2.088,3.943,0.8695,0.8713,7
8,high_stress,1.917,8.647,10.564,0.7646,0.6911,0.9047,0.0,8,True,False,True,True,0.023,3.53,7.034,0.8316,0.7709,8
9,high_stress,2.869,6.048,8.917,0.729,0.7523,0.9175,0.0,8,True,False,True,True,0.0236,3.919,4.997,0.8116,0.8541,7
10,high_stress,4.731,4.524,9.256,0.6535,0.7865,0.9177,0.0,8,True,False,True,True,0.0266,3.45,5.806,0.7357,0.8648,7
11,high_stress,1.723,7.97,9.693,0.7805,0.709,0.9117,0.0,8,True,False,True,True,0.0272,2.966,6.727,0.8322,0.7809,8
12,high_stress,5.113,1.976,7.089,0.6566,0.8734,0.9428,0.0,8,True,False,True,True,0.0266,3.308,3.781,0.7435,0.9596,4
13,high_stress,4.629,6.994,11.623,0.6427,0.7163,0.8964,0.0,8,True,False,True,True,0.0268,3.783,7.84,0.7259,0.7902,8
14,high_stress,3.068,8.846,11.914,0.7017,0.6793,0.8934,0.0,8,True,False,True,True,0.0223,4.669,7.245,0.7863,0.7813,8
15,high_stress,2.524,6.497,9.021,0.7443,0.742,0.9165,0.0,8,True,False,True,True,0.0273,3.045,5.975,0.8081,0.8172,8
16,high_stress,4.344,9.825,14.169,0.64,0.6512,0.8777,0.0,8,True,False,True,True,0.0266,4.723,9.446,0.7202,0.7399,8
17,high_stress,4.098,5.936,10.035,0.6711,0.7478,0.9089,0.0,8,True,False,True,True,0.0271,3.777,6.258,0.7566,0.8326,8
18,high_stress,4.282,9.608,13.891,0.6435,0.6561,0.8795,0.0,8,True,False,True,True,0.0279,4.41,9.481,0.7215,0.7382,8
19,high_stress,0.849,8.636,9.485,0.8328,0.6994,0.9156,0.0,8,True,False,True,True,0.0227,4.647,4.838,0.9157,0.819,7
20,high_stress,3.891,7.525,11.416,0.6708,0.7065,0.8972,0.0,8,True,False,True,True,0.0295,4.352,7.064,0.7519,0.8042,8
21,high_stress,2.188,7.28,9.468,0.7577,0.7233,0.9129,0.0,8,True,False,True,True,0.085,3.775,5.693,0.8302,0.8182,8
22,high_stress,2.573,8.318,10.89,0.73,0.6947,0.9013,0.0,8,True,False,True,True,0.0277,3.534,7.356,0.7945,0.7742,8
23,high_stress,1.795,5.251,7.046,0.7961,0.784,0.9349,0.0,8,True,False,True,True,0.0236,3.31,3.736,0.8793,0.8759,7
24,high_stress,3.173,9.654,12.828,0.6924,0.6606,0.8869,0.0,8,True,False,True,True,0.0227,4.968,7.859,0.7749,0.7657,8
25,high_stress,4.466,8.403,12.869,0.6419,0.6823,0.8867,0.0,8,True,False,True,True,0.0266,4.279,8.59,0.7208,0.7671,8
26,high_stress,2.537,6.829,9.366,0.7414,0.7329,0.9135,0.0,8,True,False,True,True,0.0229,3.881,5.485,0.8176,0.8316,7
27,high_stress,3.345,8.351,11.697,0.6911,0.6893,0.8949,0.0,8,True,False,True,True,0.0235,4.23,7.466,0.7738,0.7793,8
28,high_stress,1.458,9.021,10.479,0.7901,0.6856,0.9063,0.0,8,True,False,True,True,0.0223,3.212,7.266,0.8429,0.7597,8
29,high_stress,3.743,10.527,14.27,0.6621,0.6394,0.8772,0.0,8,True,False,True,True,0.0263,4.318,9.953,0.735,0.7184,8
30,high_stress,1.52,6.983,8.503,0.8,0.7362,0.9219,0.0,8,True,False,True,True,0.0231,3.252,5.251,0.8569,0.824,7
31,high_stress,2.573,11.121,13.694,0.715,0.6336,0.8822,0.0,8,True,False,True,True,0.0269,4.938,8.756,0.7835,0.7345,8
32,high_stress,3.303,7.453,10.756,0.6983,0.7116,0.9021,0.0,8,True,False,True,True,0.0258,4.143,6.613,0.7736,0.8097,8
33,high_stress,3.447,7.103,10.55,0.6935,0.7198,0.9038,0.0,8,True,False,True,True,0.0265,3.389,7.161,0.7639,0.7946,8
34,high_stress,5.676,5.899,11.575,0.6094,0.7409,0.8993,0.0,8,True,False,True,True,0.0265,4.007,7.568,0.6987,0.8175,8
35,high_stress,1.802,5.449,7.251,0.7941,0.7779,0.9329,0.0,8,True,False,True,True,0.0233,2.566,4.685,0.8615,0.8441,7
36,high_stress,2.685,7.176,9.861,0.7311,0.7226,0.9093,0.0,8,True,False,True,True,0.022,3.135,6.726,0.8002,0.7934,8
37,high_stress,3.086,7.423,10.509,0.7091,0.7137,0.904,0.0,8,True,False,True,True,0.0264,3.518,6.991,0.7814,0.7923,8
38,high_stress,4.039,5.985,10.024,0.6734,0.7468,0.9089,0.0,8,True,False,True,True,0.0253,4.187,5.837,0.7592,0.8482,8
39,high_stress,4.012,7.938,11.951,0.6632,0.6956,0.8932,0.0,8,True,False,True,True,0.0261,4.449,7.502,0.7435,0.7927,8
40,high_stress,3.548,4.074,7.622,0.7092,0.8083,0.9309,0.0,8,True,False,True,True,0.0279,3.185,4.437,0.7919,0.8895,7
41,high_stress,3.07,10.123,13.193,0.695,0.6512,0.8846,0.0,8,True,False,True,True,0.0264,4.238,8.955,0.7646,0.7357,8
42,high_stress,4.681,10.342,15.023,0.6244,0.639,0.8723,0.0,8,True,False,True,True,0.0241,8.911,6.111,0.7366,0.851,8
43,high_stress,4.574,8.019,12.593,0.6394,0.6909,0.8889,0.0,8,True,False,True,True,0.0263,4.668,7.925,0.7254,0.7875,8
44,high_stress,1.969,10.879,12.848,0.749,0.6419,0.8888,0.0,8,True,False,True,True,0.0233,4.947,7.901,0.827,0.7453,8
45,high_stress,4.545,6.299,10.844,0.65,0.7353,0.9028,0.0,8,True,False,True,True,0.0279,4.312,6.532,0.7344,0.835,8
46,high_stress,1.117,9.614,10.731,0.8083,0.6746,0.9055,0.0,8,True,False,True,True,0.0223,3.486,7.245,0.8626,0.7544,8
47,high_stress,2.542,8.064,10.607,0.7332,0.701,0.9035,0.0,8,True,False,True,True,0.0229,3.968,6.638,0.8179,0.7892,8
48,high_stress,3.36,12.09,15.45,0.6724,0.6111,0.8705,0.0,8,True,False,True,True,0.0267,6.916,8.534,0.757,0.7516,8
49,high_stress,1.992,8.899,10.891,0.7587,0.6847,0.9021,0.0,8,True,False,True,True,0.0234,3.836,7.055,0.8206,0.7741,8
50,high_stress,2.838,9.169,12.006,0.7115,0.6732,0.8929,0.0,8,True,False,True,True,0.0249,3.719,8.287,0.7797,0.7501,8
51,high_stress,2.853,9.973,12.826,0.7064,0.6555,0.8873,0.0,8,True,False,True,True,0.0262,4.549,8.277,0.7782,0.751,8
52,high_stress,2.49,10.424,12.914,0.7228,0.6481,0.8873,0.0,8,True,False,True,True,0.0225,5.566,7.348,0.8221,0.7641,8
53,high_stress,3.803,7.731,11.534,0.6735,0.7019,0.8962,0.0,8,True,False,True,True,0.0253,4.555,6.979,0.7573,0.8045,8
54,high_stress,2.601,8.221,10.822,0.7291,0.6968,0.9018,0.0,8,True,False,True,True,0.0259,4.372,6.449,0.8006,0.8031,8
55,high_stress,3.296,12.907,16.203,0.6719,0.5969,0.8665,0.0,8,True,False,True,True,0.0225,5.5,10.704,0.7517,0.6918,8
56,high_stress,3.65,11.062,14.713,0.6638,0.6292,0.8745,0.0,8,True,False,True,True,0.0253,4.625,10.087,0.7428,0.7115,8
57,high_stress,1.693,11.538,13.231,0.7615,0.6306,0.8872,0.0,8,True,False,True,True,0.0227,4.208,9.023,0.8246,0.7138,8
58,high_stress,2.169,7.494,9.663,0.7574,0.7179,0.9113,0.0,8,True,False,True,True,0.0278,4.223,5.44,0.8255,0.8298,7
59,high_stress,1.145,9.443,10.588,0.8075,0.6782,0.9065,0.0,8,True,False,True,True,0.0223,4.093,6.495,0.8623,0.7783,8
60,high_stress,1.238,9.663,10.901,0.8001,0.6726,0.9039,0.0,8,True,False,True,True,0.0228,4.782,6.119,0.8615,0.7912,8
61,high_stress,1.383,11.233,12.617,0.7819,0.6386,0.8921,0.0,8,True,False,True,True,0.0228,4.08,8.536,0.8362,0.7241,8
62,high_stress,3.348,5.349,8.697,0.7097,0.7695,0.9199,0.0,8,True,False,True,True,0.0272,3.041,5.656,0.7798,0.8437,8
63,high_stress,1.956,9.083,11.039,0.7597,0.6807,0.9011,0.0,8,True,False,True,True,0.0231,5.051,5.987,0.8348,0.8055,8
64,high_stress,3.819,8.765,12.585,0.6673,0.6771,0.8884,0.0,8,True,False,True,True,0.0272,3.966,8.619,0.7413,0.756,8
65,high_stress,1.541,13.906,15.447,0.7592,0.589,0.8753,0.0,8,True,False,True,True,0.0257,4.849,10.598,0.8135,0.6765,8
66,high_stress,4.352,6.324,10.676,0.6579,0.7356,0.9038,0.0,8,True,False,True,True,0.023,3.421,7.255,0.742,0.8025,8
67,high_stress,4.476,8.536,13.012,0.6408,0.6792,0.8857,0.0,8,True,False,True,True,0.028,5.035,7.977,0.7273,0.7846,8
68,high_stress,4.577,13.114,17.691,0.6177,0.588,0.8572,0.0,8,True,False,True,True,0.0245,5.986,11.705,0.6972,0.6864,8
69,high_stress,3.635,9.371,13.006,0.6724,0.6644,0.8855,0.0,8,True,False,True,True,0.0264,5.271,7.735,0.7571,0.7778,8
70,high_stress,5.211,8.741,13.952,0.6117,0.6712,0.8798,0.0,8,True,False,True,True,0.0257,4.928,9.024,0.6964,0.766,8
71,high_stress,4.766,7.027,11.794,0.6371,0.7147,0.8953,0.0,8,True,False,True,True,0.0263,4.573,7.22,0.7224,0.8154,8
72,high_stress,3.005,11.726,14.731,0.6906,0.6196,0.8752,0.0,8,True,False,True,True,0.0265,5.859,8.871,0.7722,0.7352,8
73,high_stress,1.757,11.489,13.246,0.758,0.6311,0.887,0.0,8,True,False,True,True,0.0232,4.256,8.99,0.8158,0.7173,8
74,high_stress,4.636,13.377,18.013,0.6145,0.5834,0.8555,0.0,8,True,False,True,True,0.0272,6.295,11.718,0.6974,0.686,8
75,high_stress,4.516,10.706,15.222,0.6293,0.6324,0.8711,0.0,8,True,False,True,True,0.0288,5.284,9.938,0.7137,0.7281,8
76,high_stress,4.206,10.64,14.846,0.642,0.635,0.8734,0.0,8,True,False,True,True,0.0273,4.683,10.163,0.7186,0.7193,8
77,high_stress,3.771,9.383,13.154,0.6663,0.6634,0.8845,0.0,8,True,False,True,True,0.0265,4.739,8.415,0.7463,0.7602,8
78,high_stress,2.706,12.563,15.269,0.7016,0.6058,0.8727,0.0,8,True,False,True,True,0.0264,4.681,10.588,0.7674,0.6897,8
79,high_stress,6.795,11.272,18.067,0.5501,0.6133,0.8559,0.0,8,True,False,True,True,0.0265,5.774,12.293,0.6357,0.7013,8
80,high_stress,2.054,10.522,12.576,0.746,0.6487,0.8904,0.0,8,True,False,True,True,0.0274,3.87,8.706,0.8032,0.7292,8
81,high_stress,2.5,11.496,13.996,0.717,0.6267,0.8805,0.0,8,True,False,True,True,0.0248,5.504,8.492,0.7877,0.7408,8
82,high_stress,4.446,10.535,14.981,0.6328,0.6361,0.8726,0.0,8,True,False,True,True,0.0262,5.784,9.197,0.7187,0.7484,8
83,high_stress,1.903,10.446,12.349,0.755,0.6512,0.8922,0.0,8,True,False,True,True,0.0223,4.2,8.149,0.8238,0.7389,8
84,high_stress,3.731,13.016,16.747,0.6522,0.5931,0.8629,0.0,8,True,False,True,True,0.0276,6.411,10.336,0.7336,0.7082,8
85,high_stress,3.635,7.826,11.461,0.6806,0.7004,0.8967,0.0,8,True,False,True,True,0.0225,3.913,7.548,0.7566,0.7845,8
86,high_stress,3.343,13.637,16.98,0.667,0.5843,0.8624,0.0,8,True,False,True,True,0.0259,7.593,9.387,0.7556,0.7265,8
87,high_stress,4.325,10.83,15.155,0.6364,0.6308,0.8715,0.0,8,True,False,True,True,0.0286,5.111,10.044,0.7158,0.724,8
88,high_stress,3.198,12.232,15.43,0.6793,0.6093,0.8709,0.0,8,True,False,True,True,0.0269,5.637,9.793,0.756,0.7147,8
89,high_stress,0.76,10.62,11.381,0.8262,0.6555,0.9024,0.0,8,True,False,True,True,0.0225,5.073,6.308,0.8999,0.7733,8
90,high_stress,3.773,11.881,15.654,0.6549,0.6131,0.8689,0.0,8,True,False,True,True,0.0227,7.121,8.533,0.7508,0.7544,8
91,high_stress,1.081,10.943,12.024,0.8027,0.6465,0.8969,0.0,8,True,False,True,True,0.0235,4.375,7.649,0.8537,0.7448,8
92,high_stress,1.709,8.098,9.807,0.7805,0.7059,0.9108,0.0,8,True,False,True,True,0.0232,3.313,6.494,0.8487,0.7829,8
93,high_stress,2.478,14.318,16.796,0.7059,0.5773,0.8653,0.0,8,True,False,True,True,0.0231,7.883,8.913,0.8626,0.707,8
94,high_stress,2.269,9.852,12.12,0.7377,0.6616,0.8929,0.0,8,True,False,True,True,0.0259,5.022,7.099,0.8106,0.7764,8
95,high_stress,0.608,13.065,13.673,0.8231,0.6093,0.8891,0.0,8,True,False,True,True,0.0227,4.774,8.9,0.8911,0.701,8
