id;name;geoid;geoname;value;datetime
1293;Real demand;;;27404;2026-03-11T00:00:00+01:00
1293;Real demand;;;27349;2026-03-11T00:05:00+01:00
1293;Real demand;;;27074;2026-03-11T00:10:00+01:00
1293;Real demand;;;27261;2026-03-11T00:15:00+01:00
1293;Real demand;;;26834;2026-03-11T00:20:00+01:00
1293;Real demand;;;26577;2026-03-11T00:25:00+01:00
1293;Real demand;;;26444;2026-03-11T00:30:00+01:00
1293;Real demand;;;26444;2026-03-11T00:35:00+01:00
1293;Real demand;;;26450;2026-03-11T00:40:00+01:00
1293;Real demand;;;26005;2026-03-11T00:45:00+01:00
1293;Real demand;;;26064;2026-03-11T00:50:00+01:00
1293;Real demand;;;25905;2026-03-11T00:55:00+01:00
1293;Real demand;;;25411;2026-03-11T01:00:00+01:00
1293;Real demand;;;25319;2026-03-11T01:05:00+01:00
1293;Real demand;;;25120;2026-03-11T01:10:00+01:00
1293;Real demand;;;24951;2026-03-11T01:15:00+01:00
1293;Real demand;;;24991;2026-03-11T01:20:00+01:00
1293;Real demand;;;24728;2026-03-11T01:25:00+01:00
1293;Real demand;;;24595;2026-03-11T01:30:00+01:00
1293;Real demand;;;24699;2026-03-11T01:35:00+01:00
1293;Real demand;;;24526;2026-03-11T01:40:00+01:00
1293;Real demand;;;24487;2026-03-11T01:45:00+01:00
1293;Real demand;;;24226;2026-03-11T01:50:00+01:00
1293;Real demand;;;24348;2026-03-11T01:55:00+01:00
1293;Real demand;;;24270;2026-03-11T02:00:00+01:00
1293;Real demand;;;23893;2026-03-11T02:05:00+01:00
1293;Real demand;;;23876;2026-03-11T02:10:00+01:00
1293;Real demand;;;24016;2026-03-11T02:15:00+01:00
1293;Real demand;;;23892;2026-03-11T02:20:00+01:00
1293;Real demand;;;23825;2026-03-11T02:25:00+01:00
1293;Real demand;;;23328;2026-03-11T02:30:00+01:00
1293;Real demand;;;23418;2026-03-11T02:35:00+01:00
1293;Real demand;;;23532;2026-03-11T02:40:00+01:00
1293;Real demand;;;23523;2026-03-11T02:45:00+01:00
1293;Real demand;;;23155;2026-03-11T02:50:00+01:00
1293;Real demand;;;23343;2026-03-11T02:55:00+01:00
1293;Real demand;;;23532;2026-03-11T03:00:00+01:00
1293;Real demand;;;23301;2026-03-11T03:05:00+01:00
1293;Real demand;;;23447;2026-03-11T03:10:00+01:00
1293;Real demand;;;23253;2026-03-11T03:15:00+01:00
1293;Real demand;;;23445;2026-03-11T03:20:00+01:00
1293;Real demand;;;23419;2026-03-11T03:25:00+01:00
1293;Real demand;;;23343;2026-03-11T03:30:00+01:00
1293;Real demand;;;23190;2026-03-11T03:35:00+01:00
1293;Real demand;;;22925;2026-03-11T03:40:00+01:00
1293;Real demand;;;22912;2026-03-11T03:45:00+01:00
1293;Real demand;;;22960;2026-03-11T03:50:00+01:00
1293;Real demand;;;23258;2026-03-11T03:55:00+01:00
1293;Real demand;;;23087;2026-03-11T04:00:00+01:00
1293;Real demand;;;23268;2026-03-11T04:05:00+01:00
1293;Real demand;;;23140;2026-03-11T04:10:00+01:00
1293;Real demand;;;23467;2026-03-11T04:15:00+01:00
1293;Real demand;;;23527;2026-03-11T04:20:00+01:00
1293;Real demand;;;23249;2026-03-11T04:25:00+01:00
1293;Real demand;;;23278;2026-03-11T04:30:00+01:00
1293;Real demand;;;23102;2026-03-11T04:35:00+01:00
1293;Real demand;;;23467;2026-03-11T04:40:00+01:00
1293;Real demand;;;23422;2026-03-11T04:45:00+01:00
1293;Real demand;;;23398;2026-03-11T04:50:00+01:00
1293;Real demand;;;23186;2026-03-11T04:55:00+01:00
1293;Real demand;;;23183;2026-03-11T05:00:00+01:00
1293;Real demand;;;23535;2026-03-11T05:05:00+01:00
1293;Real demand;;;23566;2026-03-11T05:10:00+01:00
1293;Real demand;;;23752;2026-03-11T05:15:00+01:00
1293;Real demand;;;23756;2026-03-11T05:20:00+01:00
1293;Real demand;;;23716;2026-03-11T05:25:00+01:00
1293;Real demand;;;23801;2026-03-11T05:30:00+01:00
1293;Real demand;;;23892;2026-03-11T05:35:00+01:00
1293;Real demand;;;24127;2026-03-11T05:40:00+01:00
1293;Real demand;;;24166;2026-03-11T05:45:00+01:00
1293;Real demand;;;24478;2026-03-11T05:50:00+01:00
1293;Real demand;;;24827;2026-03-11T05:55:00+01:00
1293;Real demand;;;25179;2026-03-11T06:00:00+01:00
1293;Real demand;;;25912;2026-03-11T06:05:00+01:00
1293;Real demand;;;26408;2026-03-11T06:10:00+01:00
1293;Real demand;;;26461;2026-03-11T06:15:00+01:00
1293;Real demand;;;26763;2026-03-11T06:20:00+01:00
1293;Real demand;;;27002;2026-03-11T06:25:00+01:00
1293;Real demand;;;27207;2026-03-11T06:30:00+01:00
1293;Real demand;;;27705;2026-03-11T06:35:00+01:00
1293;Real demand;;;27904;2026-03-11T06:40:00+01:00
1293;Real demand;;;28007;2026-03-11T06:45:00+01:00
1293;Real demand;;;28340;2026-03-11T06:50:00+01:00
1293;Real demand;;;28835;2026-03-11T06:55:00+01:00
1293;Real demand;;;29375;2026-03-11T07:00:00+01:00
1293;Real demand;;;30109;2026-03-11T07:05:00+01:00
1293;Real demand;;;30394;2026-03-11T07:10:00+01:00
1293;Real demand;;;30937;2026-03-11T07:15:00+01:00
1293;Real demand;;;31005;2026-03-11T07:20:00+01:00
1293;Real demand;;;31208;2026-03-11T07:25:00+01:00
1293;Real demand;;;31374;2026-03-11T07:30:00+01:00
1293;Real demand;;;31732;2026-03-11T07:35:00+01:00
1293;Real demand;;;31718;2026-03-11T07:40:00+01:00
1293;Real demand;;;32050;2026-03-11T07:45:00+01:00
1293;Real demand;;;32328;2026-03-11T07:50:00+01:00
1293;Real demand;;;32414;2026-03-11T07:55:00+01:00
1293;Real demand;;;32407;2026-03-11T08:00:00+01:00
1293;Real demand;;;33018;2026-03-11T08:05:00+01:00
1293;Real demand;;;33355;2026-03-11T08:10:00+01:00
1293;Real demand;;;33707;2026-03-11T08:15:00+01:00
1293;Real demand;;;33705;2026-03-11T08:20:00+01:00
1293;Real demand;;;33753;2026-03-11T08:25:00+01:00
1293;Real demand;;;33694;2026-03-11T08:30:00+01:00
1293;Real demand;;;33741;2026-03-11T08:35:00+01:00
1293;Real demand;;;33933;2026-03-11T08:40:00+01:00
1293;Real demand;;;34069;2026-03-11T08:45:00+01:00
1293;Real demand;;;33978;2026-03-11T08:50:00+01:00
1293;Real demand;;;34048;2026-03-11T08:55:00+01:00
1293;Real demand;;;34259;2026-03-11T09:00:00+01:00
1293;Real demand;;;34509;2026-03-11T09:05:00+01:00
1293;Real demand;;;34686;2026-03-11T09:10:00+01:00
1293;Real demand;;;34964;2026-03-11T09:15:00+01:00
1293;Real demand;;;34998;2026-03-11T09:20:00+01:00
1293;Real demand;;;35101;2026-03-11T09:25:00+01:00
1293;Real demand;;;35167;2026-03-11T09:30:00+01:00
1293;Real demand;;;35007;2026-03-11T09:35:00+01:00
1293;Real demand;;;35164;2026-03-11T09:40:00+01:00
1293;Real demand;;;35015;2026-03-11T09:45:00+01:00
1293;Real demand;;;35058;2026-03-11T09:50:00+01:00
1293;Real demand;;;35155;2026-03-11T09:55:00+01:00
1293;Real demand;;;35275;2026-03-11T10:00:00+01:00
1293;Real demand;;;35357;2026-03-11T10:05:00+01:00
1293;Real demand;;;35435;2026-03-11T10:10:00+01:00
1293;Real demand;;;35502;2026-03-11T10:15:00+01:00
1293;Real demand;;;35550;2026-03-11T10:20:00+01:00
1293;Real demand;;;35587;2026-03-11T10:25:00+01:00
1293;Real demand;;;35493;2026-03-11T10:30:00+01:00
1293;Real demand;;;35553;2026-03-11T10:35:00+01:00
1293;Real demand;;;35393;2026-03-11T10:40:00+01:00
1293;Real demand;;;35169;2026-03-11T10:45:00+01:00
1293;Real demand;;;35044;2026-03-11T10:50:00+01:00
1293;Real demand;;;35001;2026-03-11T10:55:00+01:00
1293;Real demand;;;35125;2026-03-11T11:00:00+01:00
1293;Real demand;;;35132;2026-03-11T11:05:00+01:00
1293;Real demand;;;35450;2026-03-11T11:10:00+01:00
1293;Real demand;;;35257;2026-03-11T11:15:00+01:00
1293;Real demand;;;34655;2026-03-11T11:20:00+01:00
1293;Real demand;;;34791;2026-03-11T11:25:00+01:00
1293;Real demand;;;34752;2026-03-11T11:30:00+01:00
1293;Real demand;;;34666;2026-03-11T11:35:00+01:00
1293;Real demand;;;34757;2026-03-11T11:40:00+01:00
1293;Real demand;;;34739;2026-03-11T11:45:00+01:00
1293;Real demand;;;34508;2026-03-11T11:50:00+01:00
1293;Real demand;;;34324;2026-03-11T11:55:00+01:00
1293;Real demand;;;34391;2026-03-11T12:00:00+01:00
1293;Real demand;;;34142;2026-03-11T12:05:00+01:00
1293;Real demand;;;34451;2026-03-11T12:10:00+01:00
1293;Real demand;;;34473;2026-03-11T12:15:00+01:00
1293;Real demand;;;34328;2026-03-11T12:20:00+01:00
1293;Real demand;;;34158;2026-03-11T12:25:00+01:00
1293;Real demand;;;34042;2026-03-11T12:30:00+01:00
1293;Real demand;;;34109;2026-03-11T12:35:00+01:00
1293;Real demand;;;34422;2026-03-11T12:40:00+01:00
1293;Real demand;;;34477;2026-03-11T12:45:00+01:00
1293;Real demand;;;34493;2026-03-11T12:50:00+01:00
1293;Real demand;;;34295;2026-03-11T12:55:00+01:00
1293;Real demand;;;34253;2026-03-11T13:00:00+01:00
1293;Real demand;;;34187;2026-03-11T13:05:00+01:00
1293;Real demand;;;34476;2026-03-11T13:10:00+01:00
1293;Real demand;;;34269;2026-03-11T13:15:00+01:00
1293;Real demand;;;34488;2026-03-11T13:20:00+01:00
1293;Real demand;;;34325;2026-03-11T13:25:00+01:00
1293;Real demand;;;34455;2026-03-11T13:30:00+01:00
1293;Real demand;;;34423;2026-03-11T13:35:00+01:00
1293;Real demand;;;34465;2026-03-11T13:40:00+01:00
1293;Real demand;;;34491;2026-03-11T13:45:00+01:00
1293;Real demand;;;34651;2026-03-11T13:50:00+01:00
1293;Real demand;;;34217;2026-03-11T13:55:00+01:00
1293;Real demand;;;34056;2026-03-11T14:00:00+01:00
1293;Real demand;;;33973;2026-03-11T14:05:00+01:00
1293;Real demand;;;34101;2026-03-11T14:10:00+01:00
1293;Real demand;;;34314;2026-03-11T14:15:00+01:00
1293;Real demand;;;34415;2026-03-11T14:20:00+01:00
1293;Real demand;;;34707;2026-03-11T14:25:00+01:00
1293;Real demand;;;34469;2026-03-11T14:30:00+01:00
1293;Real demand;;;34580;2026-03-11T14:35:00+01:00
1293;Real demand;;;34518;2026-03-11T14:40:00+01:00
1293;Real demand;;;34364;2026-03-11T14:45:00+01:00
1293;Real demand;;;34555;2026-03-11T14:50:00+01:00
1293;Real demand;;;34224;2026-03-11T14:55:00+01:00
1293;Real demand;;;34015;2026-03-11T15:00:00+01:00
1293;Real demand;;;33948;2026-03-11T15:05:00+01:00
1293;Real demand;;;34206;2026-03-11T15:10:00+01:00
1293;Real demand;;;33996;2026-03-11T15:15:00+01:00
1293;Real demand;;;34170;2026-03-11T15:20:00+01:00
1293;Real demand;;;34006;2026-03-11T15:25:00+01:00
1293;Real demand;;;33965;2026-03-11T15:30:00+01:00
1293;Real demand;;;33863;2026-03-11T15:35:00+01:00
1293;Real demand;;;33935;2026-03-11T15:40:00+01:00
1293;Real demand;;;34026;2026-03-11T15:45:00+01:00
1293;Real demand;;;33664;2026-03-11T15:50:00+01:00
1293;Real demand;;;33926;2026-03-11T15:55:00+01:00
1293;Real demand;;;34096;2026-03-11T16:00:00+01:00
1293;Real demand;;;34186;2026-03-11T16:05:00+01:00
1293;Real demand;;;33890;2026-03-11T16:10:00+01:00
1293;Real demand;;;33997;2026-03-11T16:15:00+01:00
1293;Real demand;;;33920;2026-03-11T16:20:00+01:00
1293;Real demand;;;33813;2026-03-11T16:25:00+01:00
1293;Real demand;;;33802;2026-03-11T16:30:00+01:00
1293;Real demand;;;33707;2026-03-11T16:35:00+01:00
1293;Real demand;;;33597;2026-03-11T16:40:00+01:00
1293;Real demand;;;33297;2026-03-11T16:45:00+01:00
1293;Real demand;;;33321;2026-03-11T16:50:00+01:00
1293;Real demand;;;33443;2026-03-11T16:55:00+01:00
1293;Real demand;;;33342;2026-03-11T17:00:00+01:00
1293;Real demand;;;33349;2026-03-11T17:05:00+01:00
1293;Real demand;;;33296;2026-03-11T17:10:00+01:00
1293;Real demand;;;33200;2026-03-11T17:15:00+01:00
1293;Real demand;;;33177;2026-03-11T17:20:00+01:00
1293;Real demand;;;32915;2026-03-11T17:25:00+01:00
1293;Real demand;;;32827;2026-03-11T17:30:00+01:00
1293;Real demand;;;32968;2026-03-11T17:35:00+01:00
1293;Real demand;;;32767;2026-03-11T17:40:00+01:00
1293;Real demand;;;32439;2026-03-11T17:45:00+01:00
1293;Real demand;;;32818;2026-03-11T17:50:00+01:00
1293;Real demand;;;32524;2026-03-11T17:55:00+01:00
1293;Real demand;;;32346;2026-03-11T18:00:00+01:00
1293;Real demand;;;32205;2026-03-11T18:05:00+01:00
1293;Real demand;;;32171;2026-03-11T18:10:00+01:00
1293;Real demand;;;32195;2026-03-11T18:15:00+01:00
1293;Real demand;;;32273;2026-03-11T18:20:00+01:00
1293;Real demand;;;32118;2026-03-11T18:25:00+01:00
1293;Real demand;;;32183;2026-03-11T18:30:00+01:00
1293;Real demand;;;32183;2026-03-11T18:35:00+01:00
1293;Real demand;;;32370;2026-03-11T18:40:00+01:00
1293;Real demand;;;32313;2026-03-11T18:45:00+01:00
1293;Real demand;;;32551;2026-03-11T18:50:00+01:00
1293;Real demand;;;32580;2026-03-11T18:55:00+01:00
1293;Real demand;;;32727;2026-03-11T19:00:00+01:00
1293;Real demand;;;32841;2026-03-11T19:05:00+01:00
1293;Real demand;;;33116;2026-03-11T19:10:00+01:00
1293;Real demand;;;33072;2026-03-11T19:15:00+01:00
1293;Real demand;;;33215;2026-03-11T19:20:00+01:00
1293;Real demand;;;33411;2026-03-11T19:25:00+01:00
1293;Real demand;;;33782;2026-03-11T19:30:00+01:00
1293;Real demand;;;34152;2026-03-11T19:35:00+01:00
1293;Real demand;;;34253;2026-03-11T19:40:00+01:00
1293;Real demand;;;34730;2026-03-11T19:45:00+01:00
1293;Real demand;;;34826;2026-03-11T19:50:00+01:00
1293;Real demand;;;34908;2026-03-11T19:55:00+01:00
1293;Real demand;;;34992;2026-03-11T20:00:00+01:00
1293;Real demand;;;35081;2026-03-11T20:05:00+01:00
1293;Real demand;;;35064;2026-03-11T20:10:00+01:00
1293;Real demand;;;35132;2026-03-11T20:15:00+01:00
1293;Real demand;;;35447;2026-03-11T20:20:00+01:00
1293;Real demand;;;35726;2026-03-11T20:25:00+01:00
1293;Real demand;;;35575;2026-03-11T20:30:00+01:00
1293;Real demand;;;35671;2026-03-11T20:35:00+01:00
1293;Real demand;;;35583;2026-03-11T20:40:00+01:00
1293;Real demand;;;35762;2026-03-11T20:45:00+01:00
1293;Real demand;;;35915;2026-03-11T20:50:00+01:00
1293;Real demand;;;35741;2026-03-11T20:55:00+01:00
1293;Real demand;;;35528;2026-03-11T21:00:00+01:00
1293;Real demand;;;35409;2026-03-11T21:05:00+01:00
1293;Real demand;;;35427;2026-03-11T21:10:00+01:00
1293;Real demand;;;35223;2026-03-11T21:15:00+01:00
1293;Real demand;;;35101;2026-03-11T21:20:00+01:00
1293;Real demand;;;34802;2026-03-11T21:25:00+01:00
1293;Real demand;;;34696;2026-03-11T21:30:00+01:00
1293;Real demand;;;34418;2026-03-11T21:35:00+01:00
1293;Real demand;;;33993;2026-03-11T21:40:00+01:00
1293;Real demand;;;33826;2026-03-11T21:45:00+01:00
1293;Real demand;;;33348;2026-03-11T21:50:00+01:00
1293;Real demand;;;33273;2026-03-11T21:55:00+01:00
1293;Real demand;;;32851;2026-03-11T22:00:00+01:00
1293;Real demand;;;32550;2026-03-11T22:05:00+01:00
1293;Real demand;;;32358;2026-03-11T22:10:00+01:00
1293;Real demand;;;32146;2026-03-11T22:15:00+01:00
1293;Real demand;;;31866;2026-03-11T22:20:00+01:00
1293;Real demand;;;31658;2026-03-11T22:25:00+01:00
1293;Real demand;;;31236;2026-03-11T22:30:00+01:00
1293;Real demand;;;31029;2026-03-11T22:35:00+01:00
1293;Real demand;;;30777;2026-03-11T22:40:00+01:00
1293;Real demand;;;30154;2026-03-11T22:45:00+01:00
1293;Real demand;;;30055;2026-03-11T22:50:00+01:00
1293;Real demand;;;29654;2026-03-11T22:55:00+01:00
1293;Real demand;;;29559;2026-03-11T23:00:00+01:00
1293;Real demand;;;29260;2026-03-11T23:05:00+01:00
1293;Real demand;;;29084;2026-03-11T23:10:00+01:00
1293;Real demand;;;28838;2026-03-11T23:15:00+01:00
1293;Real demand;;;28486;2026-03-11T23:20:00+01:00
1293;Real demand;;;28328;2026-03-11T23:25:00+01:00
1293;Real demand;;;28080;2026-03-11T23:30:00+01:00
1293;Real demand;;;27733;2026-03-11T23:35:00+01:00
1293;Real demand;;;27479;2026-03-11T23:40:00+01:00
1293;Real demand;;;27144;2026-03-11T23:45:00+01:00
1293;Real demand;;;26798;2026-03-11T23:50:00+01:00
1293;Real demand;;;26714;2026-03-11T23:55:00+01:00
1293;Real demand;;;26296;2026-03-12T00:00:00+01:00
1293;Real demand;;;26546;2026-03-12T00:05:00+01:00
1293;Real demand;;;26559;2026-03-12T00:10:00+01:00
1293;Real demand;;;26477;2026-03-12T00:15:00+01:00
1293;Real demand;;;26389;2026-03-12T00:20:00+01:00
1293;Real demand;;;26206;2026-03-12T00:25:00+01:00
1293;Real demand;;;25942;2026-03-12T00:30:00+01:00
1293;Real demand;;;25862;2026-03-12T00:35:00+01:00
1293;Real demand;;;25772;2026-03-12T00:40:00+01:00
1293;Real demand;;;25720;2026-03-12T00:45:00+01:00
1293;Real demand;;;25373;2026-03-12T00:50:00+01:00
1293;Real demand;;;25161;2026-03-12T00:55:00+01:00
1293;Real demand;;;24801;2026-03-12T01:00:00+01:00
1293;Real demand;;;24855;2026-03-12T01:05:00+01:00
1293;Real demand;;;24845;2026-03-12T01:10:00+01:00
1293;Real demand;;;24773;2026-03-12T01:15:00+01:00
1293;Real demand;;;24419;2026-03-12T01:20:00+01:00
1293;Real demand;;;24548;2026-03-12T01:25:00+01:00
1293;Real demand;;;24519;2026-03-12T01:30:00+01:00
1293;Real demand;;;24346;2026-03-12T01:35:00+01:00
1293;Real demand;;;24184;2026-03-12T01:40:00+01:00
1293;Real demand;;;24110;2026-03-12T01:45:00+01:00
1293;Real demand;;;23906;2026-03-12T01:50:00+01:00
1293;Real demand;;;23791;2026-03-12T01:55:00+01:00
1293;Real demand;;;23516;2026-03-12T02:00:00+01:00
1293;Real demand;;;23587;2026-03-12T02:05:00+01:00
1293;Real demand;;;23409;2026-03-12T02:10:00+01:00
1293;Real demand;;;23460;2026-03-12T02:15:00+01:00
1293;Real demand;;;23468;2026-03-12T02:20:00+01:00
1293;Real demand;;;23444;2026-03-12T02:25:00+01:00
1293;Real demand;;;23426;2026-03-12T02:30:00+01:00
1293;Real demand;;;23265;2026-03-12T02:35:00+01:00
1293;Real demand;;;23105;2026-03-12T02:40:00+01:00
1293;Real demand;;;23041;2026-03-12T02:45:00+01:00
1293;Real demand;;;22993;2026-03-12T02:50:00+01:00
1293;Real demand;;;22906;2026-03-12T02:55:00+01:00
1293;Real demand;;;22928;2026-03-12T03:00:00+01:00
1293;Real demand;;;22901;2026-03-12T03:05:00+01:00
1293;Real demand;;;22845;2026-03-12T03:10:00+01:00
1293;Real demand;;;22909;2026-03-12T03:15:00+01:00
1293;Real demand;;;22924;2026-03-12T03:20:00+01:00
1293;Real demand;;;22831;2026-03-12T03:25:00+01:00
1293;Real demand;;;22805;2026-03-12T03:30:00+01:00
1293;Real demand;;;22503;2026-03-12T03:35:00+01:00
1293;Real demand;;;22490;2026-03-12T03:40:00+01:00
1293;Real demand;;;22680;2026-03-12T03:45:00+01:00
1293;Real demand;;;22931;2026-03-12T03:50:00+01:00
1293;Real demand;;;22789;2026-03-12T03:55:00+01:00
1293;Real demand;;;22689;2026-03-12T04:00:00+01:00
1293;Real demand;;;22810;2026-03-12T04:05:00+01:00
1293;Real demand;;;22875;2026-03-12T04:10:00+01:00
1293;Real demand;;;22882;2026-03-12T04:15:00+01:00
1293;Real demand;;;22743;2026-03-12T04:20:00+01:00
1293;Real demand;;;22938;2026-03-12T04:25:00+01:00
1293;Real demand;;;22764;2026-03-12T04:30:00+01:00
1293;Real demand;;;22804;2026-03-12T04:35:00+01:00
1293;Real demand;;;22838;2026-03-12T04:40:00+01:00
1293;Real demand;;;22938;2026-03-12T04:45:00+01:00
1293;Real demand;;;23045;2026-03-12T04:50:00+01:00
1293;Real demand;;;23205;2026-03-12T04:55:00+01:00
1293;Real demand;;;23102;2026-03-12T05:00:00+01:00
1293;Real demand;;;23436;2026-03-12T05:05:00+01:00
1293;Real demand;;;23422;2026-03-12T05:10:00+01:00
1293;Real demand;;;23507;2026-03-12T05:15:00+01:00
1293;Real demand;;;23654;2026-03-12T05:20:00+01:00
1293;Real demand;;;23381;2026-03-12T05:25:00+01:00
1293;Real demand;;;23534;2026-03-12T05:30:00+01:00
1293;Real demand;;;23661;2026-03-12T05:35:00+01:00
1293;Real demand;;;23871;2026-03-12T05:40:00+01:00
1293;Real demand;;;24010;2026-03-12T05:45:00+01:00
1293;Real demand;;;24230;2026-03-12T05:50:00+01:00
1293;Real demand;;;24202;2026-03-12T05:55:00+01:00
1293;Real demand;;;24685;2026-03-12T06:00:00+01:00
1293;Real demand;;;25478;2026-03-12T06:05:00+01:00
1293;Real demand;;;25806;2026-03-12T06:10:00+01:00
1293;Real demand;;;25987;2026-03-12T06:15:00+01:00
1293;Real demand;;;26044;2026-03-12T06:20:00+01:00
1293;Real demand;;;26536;2026-03-12T06:25:00+01:00
1293;Real demand;;;26800;2026-03-12T06:30:00+01:00
1293;Real demand;;;27277;2026-03-12T06:35:00+01:00
1293;Real demand;;;27380;2026-03-12T06:40:00+01:00
1293;Real demand;;;27908;2026-03-12T06:45:00+01:00
1293;Real demand;;;28240;2026-03-12T06:50:00+01:00
1293;Real demand;;;28492;2026-03-12T06:55:00+01:00
1293;Real demand;;;28697;2026-03-12T07:00:00+01:00
1293;Real demand;;;29464;2026-03-12T07:05:00+01:00
1293;Real demand;;;29692;2026-03-12T07:10:00+01:00
1293;Real demand;;;30196;2026-03-12T07:15:00+01:00
1293;Real demand;;;30424;2026-03-12T07:20:00+01:00
1293;Real demand;;;30527;2026-03-12T07:25:00+01:00
1293;Real demand;;;30737;2026-03-12T07:30:00+01:00
1293;Real demand;;;30896;2026-03-12T07:35:00+01:00
1293;Real demand;;;31294;2026-03-12T07:40:00+01:00
1293;Real demand;;;31295;2026-03-12T07:45:00+01:00
1293;Real demand;;;31406;2026-03-12T07:50:00+01:00
1293;Real demand;;;31654;2026-03-12T07:55:00+01:00
1293;Real demand;;;31744;2026-03-12T08:00:00+01:00
1293;Real demand;;;32119;2026-03-12T08:05:00+01:00
1293;Real demand;;;32420;2026-03-12T08:10:00+01:00
1293;Real demand;;;32840;2026-03-12T08:15:00+01:00
1293;Real demand;;;32986;2026-03-12T08:20:00+01:00
1293;Real demand;;;32911;2026-03-12T08:25:00+01:00
1293;Real demand;;;32993;2026-03-12T08:30:00+01:00
1293;Real demand;;;33112;2026-03-12T08:35:00+01:00
1293;Real demand;;;33081;2026-03-12T08:40:00+01:00
1293;Real demand;;;33222;2026-03-12T08:45:00+01:00
1293;Real demand;;;33143;2026-03-12T08:50:00+01:00
1293;Real demand;;;33066;2026-03-12T08:55:00+01:00
1293;Real demand;;;33426;2026-03-12T09:00:00+01:00
1293;Real demand;;;33673;2026-03-12T09:05:00+01:00
1293;Real demand;;;33873;2026-03-12T09:10:00+01:00
1293;Real demand;;;34053;2026-03-12T09:15:00+01:00
1293;Real demand;;;34129;2026-03-12T09:20:00+01:00
1293;Real demand;;;34314;2026-03-12T09:25:00+01:00
1293;Real demand;;;34366;2026-03-12T09:30:00+01:00
1293;Real demand;;;34451;2026-03-12T09:35:00+01:00
1293;Real demand;;;34581;2026-03-12T09:40:00+01:00
1293;Real demand;;;34372;2026-03-12T09:45:00+01:00
1293;Real demand;;;34586;2026-03-12T09:50:00+01:00
1293;Real demand;;;34601;2026-03-12T09:55:00+01:00
1293;Real demand;;;34636;2026-03-12T10:00:00+01:00
1293;Real demand;;;34590;2026-03-12T10:05:00+01:00
1293;Real demand;;;34526;2026-03-12T10:10:00+01:00
1293;Real demand;;;34764;2026-03-12T10:15:00+01:00
1293;Real demand;;;34682;2026-03-12T10:20:00+01:00
1293;Real demand;;;34533;2026-03-12T10:25:00+01:00
1293;Real demand;;;34567;2026-03-12T10:30:00+01:00
1293;Real demand;;;34559;2026-03-12T10:35:00+01:00
1293;Real demand;;;34451;2026-03-12T10:40:00+01:00
1293;Real demand;;;34174;2026-03-12T10:45:00+01:00
1293;Real demand;;;34166;2026-03-12T10:50:00+01:00
1293;Real demand;;;34182;2026-03-12T10:55:00+01:00
1293;Real demand;;;34115;2026-03-12T11:00:00+01:00
1293;Real demand;;;34114;2026-03-12T11:05:00+01:00
1293;Real demand;;;33955;2026-03-12T11:10:00+01:00
1293;Real demand;;;33869;2026-03-12T11:15:00+01:00
1293;Real demand;;;33833;2026-03-12T11:20:00+01:00
1293;Real demand;;;33466;2026-03-12T11:25:00+01:00
1293;Real demand;;;33552;2026-03-12T11:30:00+01:00
1293;Real demand;;;33386;2026-03-12T11:35:00+01:00
1293;Real demand;;;33447;2026-03-12T11:40:00+01:00
1293;Real demand;;;33292;2026-03-12T11:45:00+01:00
1293;Real demand;;;33185;2026-03-12T11:50:00+01:00
1293;Real demand;;;33111;2026-03-12T11:55:00+01:00
1293;Real demand;;;32876;2026-03-12T12:00:00+01:00
1293;Real demand;;;33226;2026-03-12T12:05:00+01:00
1293;Real demand;;;33472;2026-03-12T12:10:00+01:00
1293;Real demand;;;33517;2026-03-12T12:15:00+01:00
1293;Real demand;;;33504;2026-03-12T12:20:00+01:00
1293;Real demand;;;33413;2026-03-12T12:25:00+01:00
1293;Real demand;;;33397;2026-03-12T12:30:00+01:00
1293;Real demand;;;33418;2026-03-12T12:35:00+01:00
1293;Real demand;;;33618;2026-03-12T12:40:00+01:00
1293;Real demand;;;33643;2026-03-12T12:45:00+01:00
1293;Real demand;;;33904;2026-03-12T12:50:00+01:00
1293;Real demand;;;33747;2026-03-12T12:55:00+01:00
1293;Real demand;;;33581;2026-03-12T13:00:00+01:00
1293;Real demand;;;33600;2026-03-12T13:05:00+01:00
1293;Real demand;;;33464;2026-03-12T13:10:00+01:00
1293;Real demand;;;33118;2026-03-12T13:15:00+01:00
1293;Real demand;;;33399;2026-03-12T13:20:00+01:00
1293;Real demand;;;33531;2026-03-12T13:25:00+01:00
1293;Real demand;;;33338;2026-03-12T13:30:00+01:00
1293;Real demand;;;33387;2026-03-12T13:35:00+01:00
1293;Real demand;;;33310;2026-03-12T13:40:00+01:00
1293;Real demand;;;33297;2026-03-12T13:45:00+01:00
1293;Real demand;;;33170;2026-03-12T13:50:00+01:00
1293;Real demand;;;33067;2026-03-12T13:55:00+01:00
1293;Real demand;;;32867;2026-03-12T14:00:00+01:00
1293;Real demand;;;32615;2026-03-12T14:05:00+01:00
1293;Real demand;;;32873;2026-03-12T14:10:00+01:00
1293;Real demand;;;32825;2026-03-12T14:15:00+01:00
1293;Real demand;;;33178;2026-03-12T14:20:00+01:00
1293;Real demand;;;33319;2026-03-12T14:25:00+01:00
1293;Real demand;;;33219;2026-03-12T14:30:00+01:00
1293;Real demand;;;33087;2026-03-12T14:35:00+01:00
1293;Real demand;;;32940;2026-03-12T14:40:00+01:00
1293;Real demand;;;32851;2026-03-12T14:45:00+01:00
1293;Real demand;;;32750;2026-03-12T14:50:00+01:00
1293;Real demand;;;32905;2026-03-12T14:55:00+01:00
1293;Real demand;;;32622;2026-03-12T15:00:00+01:00
1293;Real demand;;;32581;2026-03-12T15:05:00+01:00
1293;Real demand;;;32679;2026-03-12T15:10:00+01:00
1293;Real demand;;;32765;2026-03-12T15:15:00+01:00
1293;Real demand;;;32565;2026-03-12T15:20:00+01:00
1293;Real demand;;;32499;2026-03-12T15:25:00+01:00
1293;Real demand;;;32424;2026-03-12T15:30:00+01:00
1293;Real demand;;;32300;2026-03-12T15:35:00+01:00
1293;Real demand;;;32474;2026-03-12T15:40:00+01:00
1293;Real demand;;;32362;2026-03-12T15:45:00+01:00
1293;Real demand;;;32336;2026-03-12T15:50:00+01:00
1293;Real demand;;;32363;2026-03-12T15:55:00+01:00
1293;Real demand;;;32271;2026-03-12T16:00:00+01:00
1293;Real demand;;;32228;2026-03-12T16:05:00+01:00
1293;Real demand;;;32283;2026-03-12T16:10:00+01:00
1293;Real demand;;;32423;2026-03-12T16:15:00+01:00
1293;Real demand;;;32296;2026-03-12T16:20:00+01:00
1293;Real demand;;;32167;2026-03-12T16:25:00+01:00
1293;Real demand;;;32026;2026-03-12T16:30:00+01:00
1293;Real demand;;;32081;2026-03-12T16:35:00+01:00
1293;Real demand;;;32132;2026-03-12T16:40:00+01:00
1293;Real demand;;;32421;2026-03-12T16:45:00+01:00
1293;Real demand;;;32304;2026-03-12T16:50:00+01:00
1293;Real demand;;;32210;2026-03-12T16:55:00+01:00
1293;Real demand;;;31967;2026-03-12T17:00:00+01:00
1293;Real demand;;;32330;2026-03-12T17:05:00+01:00
1293;Real demand;;;32373;2026-03-12T17:10:00+01:00
1293;Real demand;;;32632;2026-03-12T17:15:00+01:00
1293;Real demand;;;32368;2026-03-12T17:20:00+01:00
1293;Real demand;;;32220;2026-03-12T17:25:00+01:00
1293;Real demand;;;32244;2026-03-12T17:30:00+01:00
1293;Real demand;;;32506;2026-03-12T17:35:00+01:00
1293;Real demand;;;32292;2026-03-12T17:40:00+01:00
1293;Real demand;;;32210;2026-03-12T17:45:00+01:00
1293;Real demand;;;32285;2026-03-12T17:50:00+01:00
1293;Real demand;;;31915;2026-03-12T17:55:00+01:00
1293;Real demand;;;31829;2026-03-12T18:00:00+01:00
1293;Real demand;;;31874;2026-03-12T18:05:00+01:00
1293;Real demand;;;31683;2026-03-12T18:10:00+01:00
1293;Real demand;;;31647;2026-03-12T18:15:00+01:00
1293;Real demand;;;31721;2026-03-12T18:20:00+01:00
1293;Real demand;;;31708;2026-03-12T18:25:00+01:00
1293;Real demand;;;31605;2026-03-12T18:30:00+01:00
1293;Real demand;;;31828;2026-03-12T18:35:00+01:00
1293;Real demand;;;31607;2026-03-12T18:40:00+01:00
1293;Real demand;;;31750;2026-03-12T18:45:00+01:00
1293;Real demand;;;31779;2026-03-12T18:50:00+01:00
1293;Real demand;;;31603;2026-03-12T18:55:00+01:00
1293;Real demand;;;31807;2026-03-12T19:00:00+01:00
1293;Real demand;;;31911;2026-03-12T19:05:00+01:00
1293;Real demand;;;31923;2026-03-12T19:10:00+01:00
1293;Real demand;;;32261;2026-03-12T19:15:00+01:00
1293;Real demand;;;32410;2026-03-12T19:20:00+01:00
1293;Real demand;;;32739;2026-03-12T19:25:00+01:00
1293;Real demand;;;32879;2026-03-12T19:30:00+01:00
1293;Real demand;;;33203;2026-03-12T19:35:00+01:00
1293;Real demand;;;33580;2026-03-12T19:40:00+01:00
1293;Real demand;;;33896;2026-03-12T19:45:00+01:00
1293;Real demand;;;33971;2026-03-12T19:50:00+01:00
1293;Real demand;;;34187;2026-03-12T19:55:00+01:00
1293;Real demand;;;34224;2026-03-12T20:00:00+01:00
1293;Real demand;;;34268;2026-03-12T20:05:00+01:00
1293;Real demand;;;34374;2026-03-12T20:10:00+01:00
1293;Real demand;;;34362;2026-03-12T20:15:00+01:00
1293;Real demand;;;34606;2026-03-12T20:20:00+01:00
1293;Real demand;;;34767;2026-03-12T20:25:00+01:00
1293;Real demand;;;34739;2026-03-12T20:30:00+01:00
1293;Real demand;;;34945;2026-03-12T20:35:00+01:00
1293;Real demand;;;34899;2026-03-12T20:40:00+01:00
1293;Real demand;;;34979;2026-03-12T20:45:00+01:00
1293;Real demand;;;34930;2026-03-12T20:50:00+01:00
1293;Real demand;;;34790;2026-03-12T20:55:00+01:00
1293;Real demand;;;34875;2026-03-12T21:00:00+01:00
1293;Real demand;;;34845;2026-03-12T21:05:00+01:00
1293;Real demand;;;34656;2026-03-12T21:10:00+01:00
1293;Real demand;;;34394;2026-03-12T21:15:00+01:00
1293;Real demand;;;34393;2026-03-12T21:20:00+01:00
1293;Real demand;;;34272;2026-03-12T21:25:00+01:00
1293;Real demand;;;34039;2026-03-12T21:30:00+01:00
1293;Real demand;;;33860;2026-03-12T21:35:00+01:00
1293;Real demand;;;33742;2026-03-12T21:40:00+01:00
1293;Real demand;;;33401;2026-03-12T21:45:00+01:00
1293;Real demand;;;33239;2026-03-12T21:50:00+01:00
1293;Real demand;;;32783;2026-03-12T21:55:00+01:00
1293;Real demand;;;32615;2026-03-12T22:00:00+01:00
1293;Real demand;;;32199;2026-03-12T22:05:00+01:00
1293;Real demand;;;31932;2026-03-12T22:10:00+01:00
1293;Real demand;;;31807;2026-03-12T22:15:00+01:00
1293;Real demand;;;31547;2026-03-12T22:20:00+01:00
1293;Real demand;;;31251;2026-03-12T22:25:00+01:00
1293;Real demand;;;30910;2026-03-12T22:30:00+01:00
1293;Real demand;;;30831;2026-03-12T22:35:00+01:00
1293;Real demand;;;30652;2026-03-12T22:40:00+01:00
1293;Real demand;;;30403;2026-03-12T22:45:00+01:00
1293;Real demand;;;30151;2026-03-12T22:50:00+01:00
1293;Real demand;;;29785;2026-03-12T22:55:00+01:00
1293;Real demand;;;29531;2026-03-12T23:00:00+01:00
1293;Real demand;;;29219;2026-03-12T23:05:00+01:00
1293;Real demand;;;28807;2026-03-12T23:10:00+01:00
1293;Real demand;;;28478;2026-03-12T23:15:00+01:00
1293;Real demand;;;28425;2026-03-12T23:20:00+01:00
1293;Real demand;;;28102;2026-03-12T23:25:00+01:00
1293;Real demand;;;27910;2026-03-12T23:30:00+01:00
1293;Real demand;;;27789;2026-03-12T23:35:00+01:00
1293;Real demand;;;27560;2026-03-12T23:40:00+01:00
1293;Real demand;;;27120;2026-03-12T23:45:00+01:00
1293;Real demand;;;26945;2026-03-12T23:50:00+01:00
1293;Real demand;;;26421;2026-03-12T23:55:00+01:00
1293;Real demand;;;26449;2026-03-13T00:00:00+01:00
1293;Real demand;;;26525;2026-03-13T00:05:00+01:00
1293;Real demand;;;26532;2026-03-13T00:10:00+01:00
1293;Real demand;;;26414;2026-03-13T00:15:00+01:00
1293;Real demand;;;26491;2026-03-13T00:20:00+01:00
1293;Real demand;;;26271;2026-03-13T00:25:00+01:00
1293;Real demand;;;26229;2026-03-13T00:30:00+01:00
1293;Real demand;;;25622;2026-03-13T00:35:00+01:00
1293;Real demand;;;25598;2026-03-13T00:40:00+01:00
1293;Real demand;;;25286;2026-03-13T00:45:00+01:00
1293;Real demand;;;25201;2026-03-13T00:50:00+01:00
1293;Real demand;;;25307;2026-03-13T00:55:00+01:00
1293;Real demand;;;25107;2026-03-13T01:00:00+01:00
1293;Real demand;;;24820;2026-03-13T01:05:00+01:00
1293;Real demand;;;24778;2026-03-13T01:10:00+01:00
1293;Real demand;;;24682;2026-03-13T01:15:00+01:00
1293;Real demand;;;24587;2026-03-13T01:20:00+01:00
1293;Real demand;;;24555;2026-03-13T01:25:00+01:00
1293;Real demand;;;24279;2026-03-13T01:30:00+01:00
1293;Real demand;;;24199;2026-03-13T01:35:00+01:00
1293;Real demand;;;23927;2026-03-13T01:40:00+01:00
1293;Real demand;;;23793;2026-03-13T01:45:00+01:00
1293;Real demand;;;24044;2026-03-13T01:50:00+01:00
1293;Real demand;;;23813;2026-03-13T01:55:00+01:00
1293;Real demand;;;23912;2026-03-13T02:00:00+01:00
1293;Real demand;;;23704;2026-03-13T02:05:00+01:00
1293;Real demand;;;23591;2026-03-13T02:10:00+01:00
1293;Real demand;;;23392;2026-03-13T02:15:00+01:00
1293;Real demand;;;23216;2026-03-13T02:20:00+01:00
1293;Real demand;;;23403;2026-03-13T02:25:00+01:00
1293;Real demand;;;23085;2026-03-13T02:30:00+01:00
1293;Real demand;;;23262;2026-03-13T02:35:00+01:00
1293;Real demand;;;23249;2026-03-13T02:40:00+01:00
1293;Real demand;;;23269;2026-03-13T02:45:00+01:00
1293;Real demand;;;23121;2026-03-13T02:50:00+01:00
1293;Real demand;;;23238;2026-03-13T02:55:00+01:00
1293;Real demand;;;23291;2026-03-13T03:00:00+01:00
1293;Real demand;;;23272;2026-03-13T03:05:00+01:00
1293;Real demand;;;23131;2026-03-13T03:10:00+01:00
1293;Real demand;;;22952;2026-03-13T03:15:00+01:00
1293;Real demand;;;22950;2026-03-13T03:20:00+01:00
1293;Real demand;;;22816;2026-03-13T03:25:00+01:00
1293;Real demand;;;23004;2026-03-13T03:30:00+01:00
1293;Real demand;;;22909;2026-03-13T03:35:00+01:00
1293;Real demand;;;22877;2026-03-13T03:40:00+01:00
1293;Real demand;;;22767;2026-03-13T03:45:00+01:00
1293;Real demand;;;22780;2026-03-13T03:50:00+01:00
1293;Real demand;;;22871;2026-03-13T03:55:00+01:00
1293;Real demand;;;22647;2026-03-13T04:00:00+01:00
1293;Real demand;;;22893;2026-03-13T04:05:00+01:00
1293;Real demand;;;22659;2026-03-13T04:10:00+01:00
1293;Real demand;;;22546;2026-03-13T04:15:00+01:00
1293;Real demand;;;22575;2026-03-13T04:20:00+01:00
1293;Real demand;;;22758;2026-03-13T04:25:00+01:00
1293;Real demand;;;22880;2026-03-13T04:30:00+01:00
1293;Real demand;;;23000;2026-03-13T04:35:00+01:00
1293;Real demand;;;22993;2026-03-13T04:40:00+01:00
1293;Real demand;;;23277;2026-03-13T04:45:00+01:00
1293;Real demand;;;23157;2026-03-13T04:50:00+01:00
1293;Real demand;;;23200;2026-03-13T04:55:00+01:00
1293;Real demand;;;23144;2026-03-13T05:00:00+01:00
1293;Real demand;;;23363;2026-03-13T05:05:00+01:00
1293;Real demand;;;23502;2026-03-13T05:10:00+01:00
1293;Real demand;;;23543;2026-03-13T05:15:00+01:00
1293;Real demand;;;23694;2026-03-13T05:20:00+01:00
1293;Real demand;;;23600;2026-03-13T05:25:00+01:00
1293;Real demand;;;23729;2026-03-13T05:30:00+01:00
1293;Real demand;;;23705;2026-03-13T05:35:00+01:00
1293;Real demand;;;23877;2026-03-13T05:40:00+01:00
1293;Real demand;;;24172;2026-03-13T05:45:00+01:00
1293;Real demand;;;24187;2026-03-13T05:50:00+01:00
1293;Real demand;;;24241;2026-03-13T05:55:00+01:00
1293;Real demand;;;24606;2026-03-13T06:00:00+01:00
1293;Real demand;;;25293;2026-03-13T06:05:00+01:00
1293;Real demand;;;25662;2026-03-13T06:10:00+01:00
1293;Real demand;;;26077;2026-03-13T06:15:00+01:00
1293;Real demand;;;26422;2026-03-13T06:20:00+01:00
1293;Real demand;;;26688;2026-03-13T06:25:00+01:00
1293;Real demand;;;26838;2026-03-13T06:30:00+01:00
1293;Real demand;;;27240;2026-03-13T06:35:00+01:00
1293;Real demand;;;27456;2026-03-13T06:40:00+01:00
1293;Real demand;;;27673;2026-03-13T06:45:00+01:00
1293;Real demand;;;28095;2026-03-13T06:50:00+01:00
1293;Real demand;;;28357;2026-03-13T06:55:00+01:00
1293;Real demand;;;28796;2026-03-13T07:00:00+01:00
1293;Real demand;;;29679;2026-03-13T07:05:00+01:00
1293;Real demand;;;30234;2026-03-13T07:10:00+01:00
1293;Real demand;;;30207;2026-03-13T07:15:00+01:00
1293;Real demand;;;30444;2026-03-13T07:20:00+01:00
1293;Real demand;;;30626;2026-03-13T07:25:00+01:00
1293;Real demand;;;31006;2026-03-13T07:30:00+01:00
1293;Real demand;;;31089;2026-03-13T07:35:00+01:00
1293;Real demand;;;31295;2026-03-13T07:40:00+01:00
1293;Real demand;;;31339;2026-03-13T07:45:00+01:00
1293;Real demand;;;31805;2026-03-13T07:50:00+01:00
1293;Real demand;;;31955;2026-03-13T07:55:00+01:00
1293;Real demand;;;32063;2026-03-13T08:00:00+01:00
1293;Real demand;;;32404;2026-03-13T08:05:00+01:00
1293;Real demand;;;32818;2026-03-13T08:10:00+01:00
1293;Real demand;;;32867;2026-03-13T08:15:00+01:00
1293;Real demand;;;33314;2026-03-13T08:20:00+01:00
1293;Real demand;;;33221;2026-03-13T08:25:00+01:00
1293;Real demand;;;33233;2026-03-13T08:30:00+01:00
1293;Real demand;;;33505;2026-03-13T08:35:00+01:00
1293;Real demand;;;33552;2026-03-13T08:40:00+01:00
1293;Real demand;;;33443;2026-03-13T08:45:00+01:00
1293;Real demand;;;33168;2026-03-13T08:50:00+01:00
1293;Real demand;;;33424;2026-03-13T08:55:00+01:00
1293;Real demand;;;33568;2026-03-13T09:00:00+01:00
1293;Real demand;;;33882;2026-03-13T09:05:00+01:00
1293;Real demand;;;34100;2026-03-13T09:10:00+01:00
1293;Real demand;;;34131;2026-03-13T09:15:00+01:00
1293;Real demand;;;34258;2026-03-13T09:20:00+01:00
1293;Real demand;;;34229;2026-03-13T09:25:00+01:00
1293;Real demand;;;34217;2026-03-13T09:30:00+01:00
1293;Real demand;;;34211;2026-03-13T09:35:00+01:00
1293;Real demand;;;34265;2026-03-13T09:40:00+01:00
1293;Real demand;;;34239;2026-03-13T09:45:00+01:00
1293;Real demand;;;34260;2026-03-13T09:50:00+01:00
1293;Real demand;;;34108;2026-03-13T09:55:00+01:00
1293;Real demand;;;34206;2026-03-13T10:00:00+01:00
1293;Real demand;;;34211;2026-03-13T10:05:00+01:00
1293;Real demand;;;34256;2026-03-13T10:10:00+01:00
1293;Real demand;;;34337;2026-03-13T10:15:00+01:00
1293;Real demand;;;34218;2026-03-13T10:20:00+01:00
1293;Real demand;;;34280;2026-03-13T10:25:00+01:00
1293;Real demand;;;34006;2026-03-13T10:30:00+01:00
1293;Real demand;;;34156;2026-03-13T10:35:00+01:00
1293;Real demand;;;34141;2026-03-13T10:40:00+01:00
1293;Real demand;;;34071;2026-03-13T10:45:00+01:00
1293;Real demand;;;34083;2026-03-13T10:50:00+01:00
1293;Real demand;;;33938;2026-03-13T10:55:00+01:00
1293;Real demand;;;33774;2026-03-13T11:00:00+01:00
1293;Real demand;;;33909;2026-03-13T11:05:00+01:00
1293;Real demand;;;33892;2026-03-13T11:10:00+01:00
1293;Real demand;;;33743;2026-03-13T11:15:00+01:00
1293;Real demand;;;33608;2026-03-13T11:20:00+01:00
1293;Real demand;;;33654;2026-03-13T11:25:00+01:00
1293;Real demand;;;33517;2026-03-13T11:30:00+01:00
1293;Real demand;;;33373;2026-03-13T11:35:00+01:00
1293;Real demand;;;33237;2026-03-13T11:40:00+01:00
1293;Real demand;;;33497;2026-03-13T11:45:00+01:00
1293;Real demand;;;33272;2026-03-13T11:50:00+01:00
1293;Real demand;;;33220;2026-03-13T11:55:00+01:00
1293;Real demand;;;33058;2026-03-13T12:00:00+01:00
1293;Real demand;;;33119;2026-03-13T12:05:00+01:00
1293;Real demand;;;33055;2026-03-13T12:10:00+01:00
1293;Real demand;;;33149;2026-03-13T12:15:00+01:00
1293;Real demand;;;33102;2026-03-13T12:20:00+01:00
1293;Real demand;;;33041;2026-03-13T12:25:00+01:00
1293;Real demand;;;33038;2026-03-13T12:30:00+01:00
1293;Real demand;;;32964;2026-03-13T12:35:00+01:00
1293;Real demand;;;32894;2026-03-13T12:40:00+01:00
1293;Real demand;;;32990;2026-03-13T12:45:00+01:00
1293;Real demand;;;33102;2026-03-13T12:50:00+01:00
1293;Real demand;;;32787;2026-03-13T12:55:00+01:00
1293;Real demand;;;32674;2026-03-13T13:00:00+01:00
1293;Real demand;;;32692;2026-03-13T13:05:00+01:00
1293;Real demand;;;32654;2026-03-13T13:10:00+01:00
1293;Real demand;;;32886;2026-03-13T13:15:00+01:00
1293;Real demand;;;32707;2026-03-13T13:20:00+01:00
1293;Real demand;;;32744;2026-03-13T13:25:00+01:00
1293;Real demand;;;32833;2026-03-13T13:30:00+01:00
1293;Real demand;;;32690;2026-03-13T13:35:00+01:00
1293;Real demand;;;32634;2026-03-13T13:40:00+01:00
1293;Real demand;;;32535;2026-03-13T13:45:00+01:00
1293;Real demand;;;32427;2026-03-13T13:50:00+01:00
1293;Real demand;;;32351;2026-03-13T13:55:00+01:00
1293;Real demand;;;32104;2026-03-13T14:00:00+01:00
1293;Real demand;;;32270;2026-03-13T14:05:00+01:00
1293;Real demand;;;32242;2026-03-13T14:10:00+01:00
1293;Real demand;;;32140;2026-03-13T14:15:00+01:00
1293;Real demand;;;32464;2026-03-13T14:20:00+01:00
1293;Real demand;;;32357;2026-03-13T14:25:00+01:00
1293;Real demand;;;32380;2026-03-13T14:30:00+01:00
1293;Real demand;;;32182;2026-03-13T14:35:00+01:00
1293;Real demand;;;32361;2026-03-13T14:40:00+01:00
1293;Real demand;;;32237;2026-03-13T14:45:00+01:00
1293;Real demand;;;32313;2026-03-13T14:50:00+01:00
1293;Real demand;;;32059;2026-03-13T14:55:00+01:00
1293;Real demand;;;32044;2026-03-13T15:00:00+01:00
1293;Real demand;;;31947;2026-03-13T15:05:00+01:00
1293;Real demand;;;31835;2026-03-13T15:10:00+01:00
1293;Real demand;;;31931;2026-03-13T15:15:00+01:00
1293;Real demand;;;31757;2026-03-13T15:20:00+01:00
1293;Real demand;;;31549;2026-03-13T15:25:00+01:00
1293;Real demand;;;31477;2026-03-13T15:30:00+01:00
1293;Real demand;;;31664;2026-03-13T15:35:00+01:00
1293;Real demand;;;31794;2026-03-13T15:40:00+01:00
1293;Real demand;;;31675;2026-03-13T15:45:00+01:00
1293;Real demand;;;31543;2026-03-13T15:50:00+01:00
1293;Real demand;;;31479;2026-03-13T15:55:00+01:00
1293;Real demand;;;31546;2026-03-13T16:00:00+01:00
1293;Real demand;;;31395;2026-03-13T16:05:00+01:00
1293;Real demand;;;31302;2026-03-13T16:10:00+01:00
1293;Real demand;;;31380;2026-03-13T16:15:00+01:00
1293;Real demand;;;31515;2026-03-13T16:20:00+01:00
1293;Real demand;;;31359;2026-03-13T16:25:00+01:00
1293;Real demand;;;31389;2026-03-13T16:30:00+01:00
1293;Real demand;;;31485;2026-03-13T16:35:00+01:00
1293;Real demand;;;31813;2026-03-13T16:40:00+01:00
1293;Real demand;;;31805;2026-03-13T16:45:00+01:00
1293;Real demand;;;31392;2026-03-13T16:50:00+01:00
1293;Real demand;;;31522;2026-03-13T16:55:00+01:00
1293;Real demand;;;31355;2026-03-13T17:00:00+01:00
1293;Real demand;;;31742;2026-03-13T17:05:00+01:00
1293;Real demand;;;31500;2026-03-13T17:10:00+01:00
1293;Real demand;;;31704;2026-03-13T17:15:00+01:00
1293;Real demand;;;31681;2026-03-13T17:20:00+01:00
1293;Real demand;;;31549;2026-03-13T17:25:00+01:00
1293;Real demand;;;31622;2026-03-13T17:30:00+01:00
1293;Real demand;;;31691;2026-03-13T17:35:00+01:00
1293;Real demand;;;31492;2026-03-13T17:40:00+01:00
1293;Real demand;;;31615;2026-03-13T17:45:00+01:00
1293;Real demand;;;31530;2026-03-13T17:50:00+01:00
1293;Real demand;;;31376;2026-03-13T17:55:00+01:00
1293;Real demand;;;31369;2026-03-13T18:00:00+01:00
1293;Real demand;;;31360;2026-03-13T18:05:00+01:00
1293;Real demand;;;31099;2026-03-13T18:10:00+01:00
1293;Real demand;;;30683;2026-03-13T18:15:00+01:00
1293;Real demand;;;30874;2026-03-13T18:20:00+01:00
1293;Real demand;;;30943;2026-03-13T18:25:00+01:00
1293;Real demand;;;30701;2026-03-13T18:30:00+01:00
1293;Real demand;;;30932;2026-03-13T18:35:00+01:00
1293;Real demand;;;30985;2026-03-13T18:40:00+01:00
1293;Real demand;;;31007;2026-03-13T18:45:00+01:00
1293;Real demand;;;31011;2026-03-13T18:50:00+01:00
1293;Real demand;;;31161;2026-03-13T18:55:00+01:00
1293;Real demand;;;31236;2026-03-13T19:00:00+01:00
1293;Real demand;;;31346;2026-03-13T19:05:00+01:00
1293;Real demand;;;31492;2026-03-13T19:10:00+01:00
1293;Real demand;;;31424;2026-03-13T19:15:00+01:00
1293;Real demand;;;31781;2026-03-13T19:20:00+01:00
1293;Real demand;;;31826;2026-03-13T19:25:00+01:00
1293;Real demand;;;31951;2026-03-13T19:30:00+01:00
1293;Real demand;;;32303;2026-03-13T19:35:00+01:00
1293;Real demand;;;32625;2026-03-13T19:40:00+01:00
1293;Real demand;;;32695;2026-03-13T19:45:00+01:00
1293;Real demand;;;32806;2026-03-13T19:50:00+01:00
1293;Real demand;;;32836;2026-03-13T19:55:00+01:00
1293;Real demand;;;32868;2026-03-13T20:00:00+01:00
1293;Real demand;;;32920;2026-03-13T20:05:00+01:00
1293;Real demand;;;33170;2026-03-13T20:10:00+01:00
1293;Real demand;;;33186;2026-03-13T20:15:00+01:00
1293;Real demand;;;33348;2026-03-13T20:20:00+01:00
1293;Real demand;;;33257;2026-03-13T20:25:00+01:00
1293;Real demand;;;33124;2026-03-13T20:30:00+01:00
1293;Real demand;;;33020;2026-03-13T20:35:00+01:00
1293;Real demand;;;33145;2026-03-13T20:40:00+01:00
1293;Real demand;;;33126;2026-03-13T20:45:00+01:00
1293;Real demand;;;32897;2026-03-13T20:50:00+01:00
1293;Real demand;;;32910;2026-03-13T20:55:00+01:00
1293;Real demand;;;32874;2026-03-13T21:00:00+01:00
1293;Real demand;;;32948;2026-03-13T21:05:00+01:00
1293;Real demand;;;32833;2026-03-13T21:10:00+01:00
1293;Real demand;;;32729;2026-03-13T21:15:00+01:00
1293;Real demand;;;32566;2026-03-13T21:20:00+01:00
1293;Real demand;;;32553;2026-03-13T21:25:00+01:00
1293;Real demand;;;32387;2026-03-13T21:30:00+01:00
1293;Real demand;;;32147;2026-03-13T21:35:00+01:00
1293;Real demand;;;31964;2026-03-13T21:40:00+01:00
1293;Real demand;;;31796;2026-03-13T21:45:00+01:00
1293;Real demand;;;31330;2026-03-13T21:50:00+01:00
1293;Real demand;;;30989;2026-03-13T21:55:00+01:00
1293;Real demand;;;30579;2026-03-13T22:00:00+01:00
1293;Real demand;;;30505;2026-03-13T22:05:00+01:00
1293;Real demand;;;30484;2026-03-13T22:10:00+01:00
1293;Real demand;;;30224;2026-03-13T22:15:00+01:00
1293;Real demand;;;29945;2026-03-13T22:20:00+01:00
1293;Real demand;;;29836;2026-03-13T22:25:00+01:00
1293;Real demand;;;29695;2026-03-13T22:30:00+01:00
1293;Real demand;;;29531;2026-03-13T22:35:00+01:00
1293;Real demand;;;29141;2026-03-13T22:40:00+01:00
1293;Real demand;;;28977;2026-03-13T22:45:00+01:00
1293;Real demand;;;28525;2026-03-13T22:50:00+01:00
1293;Real demand;;;28216;2026-03-13T22:55:00+01:00
1293;Real demand;;;27991;2026-03-13T23:00:00+01:00
1293;Real demand;;;27421;2026-03-13T23:05:00+01:00
1293;Real demand;;;27632;2026-03-13T23:10:00+01:00
1293;Real demand;;;27503;2026-03-13T23:15:00+01:00
1293;Real demand;;;27420;2026-03-13T23:20:00+01:00
1293;Real demand;;;27063;2026-03-13T23:25:00+01:00
1293;Real demand;;;26596;2026-03-13T23:30:00+01:00
1293;Real demand;;;26640;2026-03-13T23:35:00+01:00
1293;Real demand;;;26335;2026-03-13T23:40:00+01:00
1293;Real demand;;;26313;2026-03-13T23:45:00+01:00
1293;Real demand;;;26089;2026-03-13T23:50:00+01:00
1293;Real demand;;;25624;2026-03-13T23:55:00+01:00
1293;Real demand;;;25554;2026-03-14T00:00:00+01:00
1293;Real demand;;;25547;2026-03-14T00:05:00+01:00
1293;Real demand;;;25467;2026-03-14T00:10:00+01:00
1293;Real demand;;;25511;2026-03-14T00:15:00+01:00
1293;Real demand;;;25457;2026-03-14T00:20:00+01:00
1293;Real demand;;;25152;2026-03-14T00:25:00+01:00
1293;Real demand;;;24756;2026-03-14T00:30:00+01:00
1293;Real demand;;;24832;2026-03-14T00:35:00+01:00
1293;Real demand;;;24815;2026-03-14T00:40:00+01:00
1293;Real demand;;;24361;2026-03-14T00:45:00+01:00
1293;Real demand;;;24128;2026-03-14T00:50:00+01:00
1293;Real demand;;;24030;2026-03-14T00:55:00+01:00
1293;Real demand;;;23794;2026-03-14T01:00:00+01:00
1293;Real demand;;;23860;2026-03-14T01:05:00+01:00
1293;Real demand;;;23584;2026-03-14T01:10:00+01:00
1293;Real demand;;;23519;2026-03-14T01:15:00+01:00
1293;Real demand;;;23479;2026-03-14T01:20:00+01:00
1293;Real demand;;;23543;2026-03-14T01:25:00+01:00
1293;Real demand;;;23541;2026-03-14T01:30:00+01:00
1293;Real demand;;;23355;2026-03-14T01:35:00+01:00
1293;Real demand;;;22965;2026-03-14T01:40:00+01:00
1293;Real demand;;;22733;2026-03-14T01:45:00+01:00
1293;Real demand;;;22820;2026-03-14T01:50:00+01:00
1293;Real demand;;;22783;2026-03-14T01:55:00+01:00
1293;Real demand;;;22643;2026-03-14T02:00:00+01:00
1293;Real demand;;;22513;2026-03-14T02:05:00+01:00
1293;Real demand;;;22530;2026-03-14T02:10:00+01:00
1293;Real demand;;;22263;2026-03-14T02:15:00+01:00
1293;Real demand;;;22239;2026-03-14T02:20:00+01:00
1293;Real demand;;;22271;2026-03-14T02:25:00+01:00
1293;Real demand;;;22256;2026-03-14T02:30:00+01:00
1293;Real demand;;;22007;2026-03-14T02:35:00+01:00
1293;Real demand;;;21938;2026-03-14T02:40:00+01:00
1293;Real demand;;;21872;2026-03-14T02:45:00+01:00
1293;Real demand;;;21737;2026-03-14T02:50:00+01:00
1293;Real demand;;;21799;2026-03-14T02:55:00+01:00
1293;Real demand;;;21791;2026-03-14T03:00:00+01:00
1293;Real demand;;;21755;2026-03-14T03:05:00+01:00
1293;Real demand;;;21547;2026-03-14T03:10:00+01:00
1293;Real demand;;;21536;2026-03-14T03:15:00+01:00
1293;Real demand;;;21648;2026-03-14T03:20:00+01:00
1293;Real demand;;;21613;2026-03-14T03:25:00+01:00
1293;Real demand;;;21609;2026-03-14T03:30:00+01:00
1293;Real demand;;;21399;2026-03-14T03:35:00+01:00
1293;Real demand;;;21514;2026-03-14T03:40:00+01:00
1293;Real demand;;;21358;2026-03-14T03:45:00+01:00
1293;Real demand;;;21479;2026-03-14T03:50:00+01:00
1293;Real demand;;;21421;2026-03-14T03:55:00+01:00
1293;Real demand;;;21214;2026-03-14T04:00:00+01:00
1293;Real demand;;;21158;2026-03-14T04:05:00+01:00
1293;Real demand;;;21217;2026-03-14T04:10:00+01:00
1293;Real demand;;;21174;2026-03-14T04:15:00+01:00
1293;Real demand;;;21132;2026-03-14T04:20:00+01:00
1293;Real demand;;;21268;2026-03-14T04:25:00+01:00
1293;Real demand;;;21247;2026-03-14T04:30:00+01:00
1293;Real demand;;;21189;2026-03-14T04:35:00+01:00
1293;Real demand;;;21197;2026-03-14T04:40:00+01:00
1293;Real demand;;;20917;2026-03-14T04:45:00+01:00
1293;Real demand;;;21134;2026-03-14T04:50:00+01:00
1293;Real demand;;;21139;2026-03-14T04:55:00+01:00
1293;Real demand;;;21096;2026-03-14T05:00:00+01:00
1293;Real demand;;;21182;2026-03-14T05:05:00+01:00
1293;Real demand;;;21454;2026-03-14T05:10:00+01:00
1293;Real demand;;;21455;2026-03-14T05:15:00+01:00
1293;Real demand;;;21603;2026-03-14T05:20:00+01:00
1293;Real demand;;;21290;2026-03-14T05:25:00+01:00
1293;Real demand;;;21252;2026-03-14T05:30:00+01:00
1293;Real demand;;;21328;2026-03-14T05:35:00+01:00
1293;Real demand;;;21531;2026-03-14T05:40:00+01:00
1293;Real demand;;;21187;2026-03-14T05:45:00+01:00
1293;Real demand;;;21360;2026-03-14T05:50:00+01:00
1293;Real demand;;;21106;2026-03-14T05:55:00+01:00
1293;Real demand;;;21122;2026-03-14T06:00:00+01:00
1293;Real demand;;;21434;2026-03-14T06:05:00+01:00
1293;Real demand;;;21653;2026-03-14T06:10:00+01:00
1293;Real demand;;;21353;2026-03-14T06:15:00+01:00
1293;Real demand;;;21787;2026-03-14T06:20:00+01:00
1293;Real demand;;;22052;2026-03-14T06:25:00+01:00
1293;Real demand;;;21868;2026-03-14T06:30:00+01:00
1293;Real demand;;;22310;2026-03-14T06:35:00+01:00
1293;Real demand;;;21962;2026-03-14T06:40:00+01:00
1293;Real demand;;;22063;2026-03-14T06:45:00+01:00
1293;Real demand;;;22247;2026-03-14T06:50:00+01:00
1293;Real demand;;;22262;2026-03-14T06:55:00+01:00
1293;Real demand;;;22286;2026-03-14T07:00:00+01:00
1293;Real demand;;;22722;2026-03-14T07:05:00+01:00
1293;Real demand;;;22590;2026-03-14T07:10:00+01:00
1293;Real demand;;;22624;2026-03-14T07:15:00+01:00
1293;Real demand;;;22792;2026-03-14T07:20:00+01:00
1293;Real demand;;;22999;2026-03-14T07:25:00+01:00
1293;Real demand;;;22919;2026-03-14T07:30:00+01:00
1293;Real demand;;;22736;2026-03-14T07:35:00+01:00
1293;Real demand;;;23094;2026-03-14T07:40:00+01:00
1293;Real demand;;;22834;2026-03-14T07:45:00+01:00
1293;Real demand;;;23043;2026-03-14T07:50:00+01:00
1293;Real demand;;;23243;2026-03-14T07:55:00+01:00
1293;Real demand;;;23223;2026-03-14T08:00:00+01:00
1293;Real demand;;;23913;2026-03-14T08:05:00+01:00
1293;Real demand;;;24079;2026-03-14T08:10:00+01:00
1293;Real demand;;;24131;2026-03-14T08:15:00+01:00
1293;Real demand;;;24356;2026-03-14T08:20:00+01:00
1293;Real demand;;;24715;2026-03-14T08:25:00+01:00
1293;Real demand;;;24924;2026-03-14T08:30:00+01:00
1293;Real demand;;;25197;2026-03-14T08:35:00+01:00
1293;Real demand;;;25357;2026-03-14T08:40:00+01:00
1293;Real demand;;;25529;2026-03-14T08:45:00+01:00
1293;Real demand;;;26107;2026-03-14T08:50:00+01:00
1293;Real demand;;;26238;2026-03-14T08:55:00+01:00
1293;Real demand;;;26418;2026-03-14T09:00:00+01:00
1293;Real demand;;;26767;2026-03-14T09:05:00+01:00
1293;Real demand;;;26877;2026-03-14T09:10:00+01:00
1293;Real demand;;;27268;2026-03-14T09:15:00+01:00
1293;Real demand;;;27572;2026-03-14T09:20:00+01:00
1293;Real demand;;;27920;2026-03-14T09:25:00+01:00
1293;Real demand;;;28050;2026-03-14T09:30:00+01:00
1293;Real demand;;;28016;2026-03-14T09:35:00+01:00
1293;Real demand;;;28333;2026-03-14T09:40:00+01:00
1293;Real demand;;;28684;2026-03-14T09:45:00+01:00
1293;Real demand;;;28833;2026-03-14T09:50:00+01:00
1293;Real demand;;;28956;2026-03-14T09:55:00+01:00
1293;Real demand;;;29063;2026-03-14T10:00:00+01:00
1293;Real demand;;;29172;2026-03-14T10:05:00+01:00
1293;Real demand;;;29046;2026-03-14T10:10:00+01:00
1293;Real demand;;;29575;2026-03-14T10:15:00+01:00
1293;Real demand;;;29663;2026-03-14T10:20:00+01:00
1293;Real demand;;;29870;2026-03-14T10:25:00+01:00
1293;Real demand;;;29988;2026-03-14T10:30:00+01:00
1293;Real demand;;;29966;2026-03-14T10:35:00+01:00
1293;Real demand;;;30145;2026-03-14T10:40:00+01:00
1293;Real demand;;;29796;2026-03-14T10:45:00+01:00
1293;Real demand;;;29931;2026-03-14T10:50:00+01:00
1293;Real demand;;;29965;2026-03-14T10:55:00+01:00
1293;Real demand;;;30100;2026-03-14T11:00:00+01:00
1293;Real demand;;;30067;2026-03-14T11:05:00+01:00
1293;Real demand;;;29823;2026-03-14T11:10:00+01:00
1293;Real demand;;;29845;2026-03-14T11:15:00+01:00
1293;Real demand;;;30124;2026-03-14T11:20:00+01:00
1293;Real demand;;;30241;2026-03-14T11:25:00+01:00
1293;Real demand;;;30230;2026-03-14T11:30:00+01:00
1293;Real demand;;;29803;2026-03-14T11:35:00+01:00
1293;Real demand;;;30059;2026-03-14T11:40:00+01:00
1293;Real demand;;;30384;2026-03-14T11:45:00+01:00
1293;Real demand;;;30060;2026-03-14T11:50:00+01:00
1293;Real demand;;;30043;2026-03-14T11:55:00+01:00
1293;Real demand;;;30116;2026-03-14T12:00:00+01:00
1293;Real demand;;;30138;2026-03-14T12:05:00+01:00
1293;Real demand;;;30322;2026-03-14T12:10:00+01:00
1293;Real demand;;;30501;2026-03-14T12:15:00+01:00
1293;Real demand;;;30236;2026-03-14T12:20:00+01:00
1293;Real demand;;;30026;2026-03-14T12:25:00+01:00
1293;Real demand;;;29881;2026-03-14T12:30:00+01:00
1293;Real demand;;;29827;2026-03-14T12:35:00+01:00
1293;Real demand;;;29983;2026-03-14T12:40:00+01:00
1293;Real demand;;;30244;2026-03-14T12:45:00+01:00
1293;Real demand;;;29953;2026-03-14T12:50:00+01:00
1293;Real demand;;;29738;2026-03-14T12:55:00+01:00
1293;Real demand;;;29973;2026-03-14T13:00:00+01:00
1293;Real demand;;;29982;2026-03-14T13:05:00+01:00
1293;Real demand;;;29994;2026-03-14T13:10:00+01:00
1293;Real demand;;;30019;2026-03-14T13:15:00+01:00
1293;Real demand;;;29850;2026-03-14T13:20:00+01:00
1293;Real demand;;;29857;2026-03-14T13:25:00+01:00
1293;Real demand;;;30052;2026-03-14T13:30:00+01:00
1293;Real demand;;;30106;2026-03-14T13:35:00+01:00
1293;Real demand;;;30168;2026-03-14T13:40:00+01:00
1293;Real demand;;;30194;2026-03-14T13:45:00+01:00
1293;Real demand;;;30019;2026-03-14T13:50:00+01:00
1293;Real demand;;;30121;2026-03-14T13:55:00+01:00
1293;Real demand;;;29950;2026-03-14T14:00:00+01:00
1293;Real demand;;;30101;2026-03-14T14:05:00+01:00
1293;Real demand;;;30031;2026-03-14T14:10:00+01:00
1293;Real demand;;;29788;2026-03-14T14:15:00+01:00
1293;Real demand;;;30061;2026-03-14T14:20:00+01:00
1293;Real demand;;;30048;2026-03-14T14:25:00+01:00
1293;Real demand;;;29865;2026-03-14T14:30:00+01:00
1293;Real demand;;;29618;2026-03-14T14:35:00+01:00
1293;Real demand;;;29549;2026-03-14T14:40:00+01:00
1293;Real demand;;;29589;2026-03-14T14:45:00+01:00
1293;Real demand;;;29377;2026-03-14T14:50:00+01:00
1293;Real demand;;;29347;2026-03-14T14:55:00+01:00
1293;Real demand;;;29172;2026-03-14T15:00:00+01:00
1293;Real demand;;;28930;2026-03-14T15:05:00+01:00
1293;Real demand;;;28892;2026-03-14T15:10:00+01:00
1293;Real demand;;;28939;2026-03-14T15:15:00+01:00
1293;Real demand;;;28733;2026-03-14T15:20:00+01:00
1293;Real demand;;;28570;2026-03-14T15:25:00+01:00
1293;Real demand;;;28232;2026-03-14T15:30:00+01:00
1293;Real demand;;;27988;2026-03-14T15:35:00+01:00
1293;Real demand;;;27823;2026-03-14T15:40:00+01:00
1293;Real demand;;;27759;2026-03-14T15:45:00+01:00
1293;Real demand;;;27920;2026-03-14T15:50:00+01:00
1293;Real demand;;;27852;2026-03-14T15:55:00+01:00
1293;Real demand;;;27847;2026-03-14T16:00:00+01:00
1293;Real demand;;;27641;2026-03-14T16:05:00+01:00
1293;Real demand;;;27638;2026-03-14T16:10:00+01:00
1293;Real demand;;;27761;2026-03-14T16:15:00+01:00
1293;Real demand;;;27705;2026-03-14T16:20:00+01:00
1293;Real demand;;;27502;2026-03-14T16:25:00+01:00
1293;Real demand;;;27450;2026-03-14T16:30:00+01:00
1293;Real demand;;;27573;2026-03-14T16:35:00+01:00
1293;Real demand;;;27312;2026-03-14T16:40:00+01:00
1293;Real demand;;;27360;2026-03-14T16:45:00+01:00
1293;Real demand;;;27289;2026-03-14T16:50:00+01:00
1293;Real demand;;;27197;2026-03-14T16:55:00+01:00
1293;Real demand;;;27294;2026-03-14T17:00:00+01:00
1293;Real demand;;;27101;2026-03-14T17:05:00+01:00
1293;Real demand;;;27407;2026-03-14T17:10:00+01:00
1293;Real demand;;;27162;2026-03-14T17:15:00+01:00
1293;Real demand;;;27134;2026-03-14T17:20:00+01:00
1293;Real demand;;;27030;2026-03-14T17:25:00+01:00
1293;Real demand;;;27035;2026-03-14T17:30:00+01:00
1293;Real demand;;;27259;2026-03-14T17:35:00+01:00
1293;Real demand;;;27270;2026-03-14T17:40:00+01:00
1293;Real demand;;;27024;2026-03-14T17:45:00+01:00
1293;Real demand;;;26861;2026-03-14T17:50:00+01:00
1293;Real demand;;;26928;2026-03-14T17:55:00+01:00
1293;Real demand;;;26836;2026-03-14T18:00:00+01:00
1293;Real demand;;;27391;2026-03-14T18:05:00+01:00
1293;Real demand;;;27368;2026-03-14T18:10:00+01:00
1293;Real demand;;;27300;2026-03-14T18:15:00+01:00
1293;Real demand;;;27334;2026-03-14T18:20:00+01:00
1293;Real demand;;;27139;2026-03-14T18:25:00+01:00
1293;Real demand;;;27285;2026-03-14T18:30:00+01:00
1293;Real demand;;;27613;2026-03-14T18:35:00+01:00
1293;Real demand;;;27554;2026-03-14T18:40:00+01:00
1293;Real demand;;;27569;2026-03-14T18:45:00+01:00
1293;Real demand;;;27632;2026-03-14T18:50:00+01:00
1293;Real demand;;;27634;2026-03-14T18:55:00+01:00
1293;Real demand;;;27833;2026-03-14T19:00:00+01:00
1293;Real demand;;;27928;2026-03-14T19:05:00+01:00
1293;Real demand;;;27988;2026-03-14T19:10:00+01:00
1293;Real demand;;;28119;2026-03-14T19:15:00+01:00
1293;Real demand;;;28360;2026-03-14T19:20:00+01:00
1293;Real demand;;;28411;2026-03-14T19:25:00+01:00
1293;Real demand;;;28438;2026-03-14T19:30:00+01:00
1293;Real demand;;;28685;2026-03-14T19:35:00+01:00
1293;Real demand;;;28965;2026-03-14T19:40:00+01:00
1293;Real demand;;;29105;2026-03-14T19:45:00+01:00
1293;Real demand;;;29021;2026-03-14T19:50:00+01:00
1293;Real demand;;;29033;2026-03-14T19:55:00+01:00
1293;Real demand;;;29352;2026-03-14T20:00:00+01:00
1293;Real demand;;;29378;2026-03-14T20:05:00+01:00
1293;Real demand;;;29492;2026-03-14T20:10:00+01:00
1293;Real demand;;;29440;2026-03-14T20:15:00+01:00
1293;Real demand;;;29454;2026-03-14T20:20:00+01:00
1293;Real demand;;;29586;2026-03-14T20:25:00+01:00
1293;Real demand;;;29486;2026-03-14T20:30:00+01:00
1293;Real demand;;;29604;2026-03-14T20:35:00+01:00
1293;Real demand;;;29619;2026-03-14T20:40:00+01:00
1293;Real demand;;;29734;2026-03-14T20:45:00+01:00
1293;Real demand;;;29741;2026-03-14T20:50:00+01:00
1293;Real demand;;;29656;2026-03-14T20:55:00+01:00
1293;Real demand;;;29618;2026-03-14T21:00:00+01:00
1293;Real demand;;;29710;2026-03-14T21:05:00+01:00
1293;Real demand;;;29449;2026-03-14T21:10:00+01:00
1293;Real demand;;;29599;2026-03-14T21:15:00+01:00
1293;Real demand;;;29517;2026-03-14T21:20:00+01:00
1293;Real demand;;;29320;2026-03-14T21:25:00+01:00
1293;Real demand;;;29049;2026-03-14T21:30:00+01:00
1293;Real demand;;;29012;2026-03-14T21:35:00+01:00
1293;Real demand;;;29005;2026-03-14T21:40:00+01:00
1293;Real demand;;;28909;2026-03-14T21:45:00+01:00
1293;Real demand;;;28684;2026-03-14T21:50:00+01:00
1293;Real demand;;;28636;2026-03-14T21:55:00+01:00
1293;Real demand;;;28682;2026-03-14T22:00:00+01:00
1293;Real demand;;;28046;2026-03-14T22:05:00+01:00
1293;Real demand;;;28131;2026-03-14T22:10:00+01:00
1293;Real demand;;;27885;2026-03-14T22:15:00+01:00
1293;Real demand;;;27581;2026-03-14T22:20:00+01:00
1293;Real demand;;;27743;2026-03-14T22:25:00+01:00
1293;Real demand;;;27491;2026-03-14T22:30:00+01:00
1293;Real demand;;;27455;2026-03-14T22:35:00+01:00
1293;Real demand;;;26929;2026-03-14T22:40:00+01:00
1293;Real demand;;;26889;2026-03-14T22:45:00+01:00
1293;Real demand;;;26953;2026-03-14T22:50:00+01:00
1293;Real demand;;;26777;2026-03-14T22:55:00+01:00
1293;Real demand;;;26434;2026-03-14T23:00:00+01:00
1293;Real demand;;;26187;2026-03-14T23:05:00+01:00
1293;Real demand;;;26140;2026-03-14T23:10:00+01:00
1293;Real demand;;;26182;2026-03-14T23:15:00+01:00
1293;Real demand;;;25860;2026-03-14T23:20:00+01:00
1293;Real demand;;;25492;2026-03-14T23:25:00+01:00
1293;Real demand;;;25512;2026-03-14T23:30:00+01:00
1293;Real demand;;;25063;2026-03-14T23:35:00+01:00
1293;Real demand;;;25157;2026-03-14T23:40:00+01:00
1293;Real demand;;;24802;2026-03-14T23:45:00+01:00
1293;Real demand;;;24530;2026-03-14T23:50:00+01:00
1293;Real demand;;;24405;2026-03-14T23:55:00+01:00
1293;Real demand;;;24188;2026-03-15T00:00:00+01:00
1293;Real demand;;;24394;2026-03-15T00:05:00+01:00
1293;Real demand;;;24375;2026-03-15T00:10:00+01:00
1293;Real demand;;;24320;2026-03-15T00:15:00+01:00
1293;Real demand;;;24167;2026-03-15T00:20:00+01:00
1293;Real demand;;;23682;2026-03-15T00:25:00+01:00
1293;Real demand;;;23763;2026-03-15T00:30:00+01:00
1293;Real demand;;;23589;2026-03-15T00:35:00+01:00
1293;Real demand;;;23303;2026-03-15T00:40:00+01:00
1293;Real demand;;;23144;2026-03-15T00:45:00+01:00
1293;Real demand;;;22944;2026-03-15T00:50:00+01:00
1293;Real demand;;;23020;2026-03-15T00:55:00+01:00
1293;Real demand;;;22858;2026-03-15T01:00:00+01:00
1293;Real demand;;;22573;2026-03-15T01:05:00+01:00
1293;Real demand;;;22546;2026-03-15T01:10:00+01:00
1293;Real demand;;;22504;2026-03-15T01:15:00+01:00
1293;Real demand;;;22371;2026-03-15T01:20:00+01:00
1293;Real demand;;;22269;2026-03-15T01:25:00+01:00
1293;Real demand;;;21986;2026-03-15T01:30:00+01:00
1293;Real demand;;;21938;2026-03-15T01:35:00+01:00
1293;Real demand;;;21611;2026-03-15T01:40:00+01:00
1293;Real demand;;;21495;2026-03-15T01:45:00+01:00
1293;Real demand;;;21619;2026-03-15T01:50:00+01:00
1293;Real demand;;;21738;2026-03-15T01:55:00+01:00
1293;Real demand;;;21646;2026-03-15T02:00:00+01:00
1293;Real demand;;;21524;2026-03-15T02:05:00+01:00
1293;Real demand;;;21108;2026-03-15T02:10:00+01:00
1293;Real demand;;;21233;2026-03-15T02:15:00+01:00
1293;Real demand;;;20990;2026-03-15T02:20:00+01:00
1293;Real demand;;;21121;2026-03-15T02:25:00+01:00
1293;Real demand;;;20874;2026-03-15T02:30:00+01:00
1293;Real demand;;;20938;2026-03-15T02:35:00+01:00
1293;Real demand;;;20981;2026-03-15T02:40:00+01:00
1293;Real demand;;;20787;2026-03-15T02:45:00+01:00
1293;Real demand;;;20601;2026-03-15T02:50:00+01:00
1293;Real demand;;;20697;2026-03-15T02:55:00+01:00
1293;Real demand;;;20666;2026-03-15T03:00:00+01:00
1293;Real demand;;;20646;2026-03-15T03:05:00+01:00
1293;Real demand;;;20347;2026-03-15T03:10:00+01:00
1293;Real demand;;;20575;2026-03-15T03:15:00+01:00
1293;Real demand;;;20409;2026-03-15T03:20:00+01:00
1293;Real demand;;;20092;2026-03-15T03:25:00+01:00
1293;Real demand;;;20240;2026-03-15T03:30:00+01:00
1293;Real demand;;;20442;2026-03-15T03:35:00+01:00
1293;Real demand;;;20400;2026-03-15T03:40:00+01:00
1293;Real demand;;;20222;2026-03-15T03:45:00+01:00
1293;Real demand;;;20014;2026-03-15T03:50:00+01:00
1293;Real demand;;;20187;2026-03-15T03:55:00+01:00
1293;Real demand;;;20109;2026-03-15T04:00:00+01:00
1293;Real demand;;;20167;2026-03-15T04:05:00+01:00
1293;Real demand;;;20150;2026-03-15T04:10:00+01:00
1293;Real demand;;;20245;2026-03-15T04:15:00+01:00
1293;Real demand;;;20093;2026-03-15T04:20:00+01:00
1293;Real demand;;;20291;2026-03-15T04:25:00+01:00
1293;Real demand;;;20257;2026-03-15T04:30:00+01:00
1293;Real demand;;;20416;2026-03-15T04:35:00+01:00
1293;Real demand;;;20085;2026-03-15T04:40:00+01:00
1293;Real demand;;;20145;2026-03-15T04:45:00+01:00
1293;Real demand;;;20040;2026-03-15T04:50:00+01:00
1293;Real demand;;;20394;2026-03-15T04:55:00+01:00
1293;Real demand;;;20417;2026-03-15T05:00:00+01:00
1293;Real demand;;;20242;2026-03-15T05:05:00+01:00
1293;Real demand;;;19990;2026-03-15T05:10:00+01:00
1293;Real demand;;;20147;2026-03-15T05:15:00+01:00
1293;Real demand;;;20147;2026-03-15T05:20:00+01:00
1293;Real demand;;;20147;2026-03-15T05:25:00+01:00
1293;Real demand;;;20147;2026-03-15T05:30:00+01:00
1293;Real demand;;;20417;2026-03-15T05:35:00+01:00
1293;Real demand;;;20431;2026-03-15T05:40:00+01:00
1293;Real demand;;;20292;2026-03-15T05:45:00+01:00
1293;Real demand;;;20260;2026-03-15T05:50:00+01:00
1293;Real demand;;;20122;2026-03-15T05:55:00+01:00
1293;Real demand;;;20326;2026-03-15T06:00:00+01:00
1293;Real demand;;;20451;2026-03-15T06:05:00+01:00
1293;Real demand;;;20545;2026-03-15T06:10:00+01:00
1293;Real demand;;;20613;2026-03-15T06:15:00+01:00
1293;Real demand;;;20775;2026-03-15T06:20:00+01:00
1293;Real demand;;;20603;2026-03-15T06:25:00+01:00
1293;Real demand;;;20844;2026-03-15T06:30:00+01:00
1293;Real demand;;;20650;2026-03-15T06:35:00+01:00
1293;Real demand;;;20710;2026-03-15T06:40:00+01:00
1293;Real demand;;;20836;2026-03-15T06:45:00+01:00
1293;Real demand;;;21068;2026-03-15T06:50:00+01:00
1293;Real demand;;;20971;2026-03-15T06:55:00+01:00
1293;Real demand;;;20868;2026-03-15T07:00:00+01:00
1293;Real demand;;;21055;2026-03-15T07:05:00+01:00
1293;Real demand;;;20897;2026-03-15T07:10:00+01:00
1293;Real demand;;;20988;2026-03-15T07:15:00+01:00
1293;Real demand;;;21170;2026-03-15T07:20:00+01:00
1293;Real demand;;;21017;2026-03-15T07:25:00+01:00
1293;Real demand;;;20802;2026-03-15T07:30:00+01:00
1293;Real demand;;;21085;2026-03-15T07:35:00+01:00
1293;Real demand;;;21195;2026-03-15T07:40:00+01:00
1293;Real demand;;;21069;2026-03-15T07:45:00+01:00
1293;Real demand;;;20997;2026-03-15T07:50:00+01:00
1293;Real demand;;;21368;2026-03-15T07:55:00+01:00
1293;Real demand;;;21200;2026-03-15T08:00:00+01:00
1293;Real demand;;;21596;2026-03-15T08:05:00+01:00
1293;Real demand;;;21909;2026-03-15T08:10:00+01:00
1293;Real demand;;;22102;2026-03-15T08:15:00+01:00
1293;Real demand;;;22374;2026-03-15T08:20:00+01:00
1293;Real demand;;;22743;2026-03-15T08:25:00+01:00
1293;Real demand;;;22937;2026-03-15T08:30:00+01:00
1293;Real demand;;;22950;2026-03-15T08:35:00+01:00
1293;Real demand;;;23195;2026-03-15T08:40:00+01:00
1293;Real demand;;;23229;2026-03-15T08:45:00+01:00
1293;Real demand;;;23617;2026-03-15T08:50:00+01:00
1293;Real demand;;;23796;2026-03-15T08:55:00+01:00
1293;Real demand;;;23738;2026-03-15T09:00:00+01:00
1293;Real demand;;;24162;2026-03-15T09:05:00+01:00
1293;Real demand;;;24467;2026-03-15T09:10:00+01:00
1293;Real demand;;;24898;2026-03-15T09:15:00+01:00
1293;Real demand;;;25150;2026-03-15T09:20:00+01:00
1293;Real demand;;;25326;2026-03-15T09:25:00+01:00
1293;Real demand;;;25596;2026-03-15T09:30:00+01:00
1293;Real demand;;;26042;2026-03-15T09:35:00+01:00
1293;Real demand;;;26073;2026-03-15T09:40:00+01:00
1293;Real demand;;;26110;2026-03-15T09:45:00+01:00
1293;Real demand;;;26243;2026-03-15T09:50:00+01:00
1293;Real demand;;;26381;2026-03-15T09:55:00+01:00
1293;Real demand;;;26180;2026-03-15T10:00:00+01:00
1293;Real demand;;;26312;2026-03-15T10:05:00+01:00
1293;Real demand;;;26528;2026-03-15T10:10:00+01:00
1293;Real demand;;;26356;2026-03-15T10:15:00+01:00
1293;Real demand;;;26468;2026-03-15T10:20:00+01:00
1293;Real demand;;;26576;2026-03-15T10:25:00+01:00
1293;Real demand;;;26720;2026-03-15T10:30:00+01:00
1293;Real demand;;;26702;2026-03-15T10:35:00+01:00
1293;Real demand;;;26937;2026-03-15T10:40:00+01:00
1293;Real demand;;;26749;2026-03-15T10:45:00+01:00
1293;Real demand;;;26835;2026-03-15T10:50:00+01:00
1293;Real demand;;;26679;2026-03-15T10:55:00+01:00
1293;Real demand;;;26333;2026-03-15T11:00:00+01:00
1293;Real demand;;;26669;2026-03-15T11:05:00+01:00
1293;Real demand;;;26650;2026-03-15T11:10:00+01:00
1293;Real demand;;;26542;2026-03-15T11:15:00+01:00
1293;Real demand;;;26818;2026-03-15T11:20:00+01:00
1293;Real demand;;;26827;2026-03-15T11:25:00+01:00
1293;Real demand;;;26801;2026-03-15T11:30:00+01:00
1293;Real demand;;;26758;2026-03-15T11:35:00+01:00
1293;Real demand;;;26774;2026-03-15T11:40:00+01:00
1293;Real demand;;;26822;2026-03-15T11:45:00+01:00
1293;Real demand;;;26940;2026-03-15T11:50:00+01:00
1293;Real demand;;;26694;2026-03-15T11:55:00+01:00
1293;Real demand;;;26567;2026-03-15T12:00:00+01:00
1293;Real demand;;;26699;2026-03-15T12:05:00+01:00
1293;Real demand;;;26721;2026-03-15T12:10:00+01:00
1293;Real demand;;;26606;2026-03-15T12:15:00+01:00
1293;Real demand;;;26773;2026-03-15T12:20:00+01:00
1293;Real demand;;;26463;2026-03-15T12:25:00+01:00
1293;Real demand;;;26524;2026-03-15T12:30:00+01:00
1293;Real demand;;;26513;2026-03-15T12:35:00+01:00
1293;Real demand;;;26519;2026-03-15T12:40:00+01:00
1293;Real demand;;;26538;2026-03-15T12:45:00+01:00
1293;Real demand;;;26677;2026-03-15T12:50:00+01:00
1293;Real demand;;;26581;2026-03-15T12:55:00+01:00
1293;Real demand;;;26468;2026-03-15T13:00:00+01:00
1293;Real demand;;;26369;2026-03-15T13:05:00+01:00
1293;Real demand;;;26460;2026-03-15T13:10:00+01:00
1293;Real demand;;;26618;2026-03-15T13:15:00+01:00
1293;Real demand;;;26555;2026-03-15T13:20:00+01:00
1293;Real demand;;;27033;2026-03-15T13:25:00+01:00
1293;Real demand;;;26708;2026-03-15T13:30:00+01:00
1293;Real demand;;;26739;2026-03-15T13:35:00+01:00
1293;Real demand;;;26761;2026-03-15T13:40:00+01:00
1293;Real demand;;;26740;2026-03-15T13:45:00+01:00
1293;Real demand;;;26686;2026-03-15T13:50:00+01:00
1293;Real demand;;;26640;2026-03-15T13:55:00+01:00
1293;Real demand;;;26588;2026-03-15T14:00:00+01:00
1293;Real demand;;;26714;2026-03-15T14:05:00+01:00
1293;Real demand;;;26872;2026-03-15T14:10:00+01:00
1293;Real demand;;;26992;2026-03-15T14:15:00+01:00
1293;Real demand;;;26640;2026-03-15T14:20:00+01:00
1293;Real demand;;;26828;2026-03-15T14:25:00+01:00
1293;Real demand;;;26661;2026-03-15T14:30:00+01:00
1293;Real demand;;;26614;2026-03-15T14:35:00+01:00
1293;Real demand;;;26730;2026-03-15T14:40:00+01:00
1293;Real demand;;;26365;2026-03-15T14:45:00+01:00
1293;Real demand;;;26395;2026-03-15T14:50:00+01:00
1293;Real demand;;;26320;2026-03-15T14:55:00+01:00
1293;Real demand;;;26393;2026-03-15T15:00:00+01:00
1293;Real demand;;;26409;2026-03-15T15:05:00+01:00
1293;Real demand;;;26153;2026-03-15T15:10:00+01:00
1293;Real demand;;;25854;2026-03-15T15:15:00+01:00
1293;Real demand;;;26030;2026-03-15T15:20:00+01:00
1293;Real demand;;;26084;2026-03-15T15:25:00+01:00
1293;Real demand;;;26006;2026-03-15T15:30:00+01:00
1293;Real demand;;;25916;2026-03-15T15:35:00+01:00
1293;Real demand;;;25741;2026-03-15T15:40:00+01:00
1293;Real demand;;;25569;2026-03-15T15:45:00+01:00
1293;Real demand;;;25611;2026-03-15T15:50:00+01:00
1293;Real demand;;;25555;2026-03-15T15:55:00+01:00
1293;Real demand;;;25760;2026-03-15T16:00:00+01:00
1293;Real demand;;;25667;2026-03-15T16:05:00+01:00
1293;Real demand;;;25637;2026-03-15T16:10:00+01:00
1293;Real demand;;;25601;2026-03-15T16:15:00+01:00
1293;Real demand;;;25508;2026-03-15T16:20:00+01:00
1293;Real demand;;;25725;2026-03-15T16:25:00+01:00
1293;Real demand;;;25708;2026-03-15T16:30:00+01:00
1293;Real demand;;;25844;2026-03-15T16:35:00+01:00
1293;Real demand;;;25526;2026-03-15T16:40:00+01:00
1293;Real demand;;;25888;2026-03-15T16:45:00+01:00
1293;Real demand;;;25819;2026-03-15T16:50:00+01:00
1293;Real demand;;;25827;2026-03-15T16:55:00+01:00
1293;Real demand;;;25712;2026-03-15T17:00:00+01:00
1293;Real demand;;;25846;2026-03-15T17:05:00+01:00
1293;Real demand;;;25807;2026-03-15T17:10:00+01:00
1293;Real demand;;;25931;2026-03-15T17:15:00+01:00
1293;Real demand;;;25904;2026-03-15T17:20:00+01:00
1293;Real demand;;;25967;2026-03-15T17:25:00+01:00
1293;Real demand;;;26026;2026-03-15T17:30:00+01:00
1293;Real demand;;;25841;2026-03-15T17:35:00+01:00
1293;Real demand;;;26024;2026-03-15T17:40:00+01:00
1293;Real demand;;;26170;2026-03-15T17:45:00+01:00
1293;Real demand;;;26120;2026-03-15T17:50:00+01:00
1293;Real demand;;;25862;2026-03-15T17:55:00+01:00
1293;Real demand;;;25806;2026-03-15T18:00:00+01:00
1293;Real demand;;;25964;2026-03-15T18:05:00+01:00
1293;Real demand;;;25754;2026-03-15T18:10:00+01:00
1293;Real demand;;;25539;2026-03-15T18:15:00+01:00
1293;Real demand;;;25919;2026-03-15T18:20:00+01:00
1293;Real demand;;;25984;2026-03-15T18:25:00+01:00
1293;Real demand;;;25960;2026-03-15T18:30:00+01:00
1293;Real demand;;;26015;2026-03-15T18:35:00+01:00
1293;Real demand;;;26082;2026-03-15T18:40:00+01:00
1293;Real demand;;;26050;2026-03-15T18:45:00+01:00
1293;Real demand;;;26212;2026-03-15T18:50:00+01:00
1293;Real demand;;;26315;2026-03-15T18:55:00+01:00
1293;Real demand;;;26194;2026-03-15T19:00:00+01:00
1293;Real demand;;;26387;2026-03-15T19:05:00+01:00
1293;Real demand;;;26722;2026-03-15T19:10:00+01:00
1293;Real demand;;;26871;2026-03-15T19:15:00+01:00
1293;Real demand;;;27014;2026-03-15T19:20:00+01:00
1293;Real demand;;;27315;2026-03-15T19:25:00+01:00
1293;Real demand;;;27390;2026-03-15T19:30:00+01:00
1293;Real demand;;;27745;2026-03-15T19:35:00+01:00
1293;Real demand;;;28204;2026-03-15T19:40:00+01:00
1293;Real demand;;;28177;2026-03-15T19:45:00+01:00
1293;Real demand;;;28349;2026-03-15T19:50:00+01:00
1293;Real demand;;;28475;2026-03-15T19:55:00+01:00
1293;Real demand;;;28824;2026-03-15T20:00:00+01:00
1293;Real demand;;;29013;2026-03-15T20:05:00+01:00
1293;Real demand;;;29181;2026-03-15T20:10:00+01:00
1293;Real demand;;;29142;2026-03-15T20:15:00+01:00
1293;Real demand;;;29167;2026-03-15T20:20:00+01:00
1293;Real demand;;;29352;2026-03-15T20:25:00+01:00
1293;Real demand;;;29514;2026-03-15T20:30:00+01:00
1293;Real demand;;;29594;2026-03-15T20:35:00+01:00
1293;Real demand;;;29799;2026-03-15T20:40:00+01:00
1293;Real demand;;;29758;2026-03-15T20:45:00+01:00
1293;Real demand;;;29903;2026-03-15T20:50:00+01:00
1293;Real demand;;;30098;2026-03-15T20:55:00+01:00
1293;Real demand;;;30083;2026-03-15T21:00:00+01:00
1293;Real demand;;;30026;2026-03-15T21:05:00+01:00
1293;Real demand;;;29937;2026-03-15T21:10:00+01:00
1293;Real demand;;;29793;2026-03-15T21:15:00+01:00
1293;Real demand;;;29895;2026-03-15T21:20:00+01:00
1293;Real demand;;;29861;2026-03-15T21:25:00+01:00
1293;Real demand;;;29604;2026-03-15T21:30:00+01:00
1293;Real demand;;;29378;2026-03-15T21:35:00+01:00
1293;Real demand;;;29251;2026-03-15T21:40:00+01:00
1293;Real demand;;;29387;2026-03-15T21:45:00+01:00
1293;Real demand;;;29067;2026-03-15T21:50:00+01:00
1293;Real demand;;;28719;2026-03-15T21:55:00+01:00
1293;Real demand;;;28604;2026-03-15T22:00:00+01:00
1293;Real demand;;;28598;2026-03-15T22:05:00+01:00
1293;Real demand;;;28558;2026-03-15T22:10:00+01:00
1293;Real demand;;;28258;2026-03-15T22:15:00+01:00
1293;Real demand;;;28384;2026-03-15T22:20:00+01:00
1293;Real demand;;;28134;2026-03-15T22:25:00+01:00
1293;Real demand;;;27950;2026-03-15T22:30:00+01:00
1293;Real demand;;;27955;2026-03-15T22:35:00+01:00
1293;Real demand;;;27354;2026-03-15T22:40:00+01:00
1293;Real demand;;;27019;2026-03-15T22:45:00+01:00
1293;Real demand;;;27171;2026-03-15T22:50:00+01:00
1293;Real demand;;;26836;2026-03-15T22:55:00+01:00
1293;Real demand;;;26692;2026-03-15T23:00:00+01:00
1293;Real demand;;;26477;2026-03-15T23:05:00+01:00
1293;Real demand;;;26304;2026-03-15T23:10:00+01:00
1293;Real demand;;;26045;2026-03-15T23:15:00+01:00
1293;Real demand;;;25967;2026-03-15T23:20:00+01:00
1293;Real demand;;;25637;2026-03-15T23:25:00+01:00
1293;Real demand;;;25368;2026-03-15T23:30:00+01:00
1293;Real demand;;;25070;2026-03-15T23:35:00+01:00
1293;Real demand;;;24713;2026-03-15T23:40:00+01:00
1293;Real demand;;;24463;2026-03-15T23:45:00+01:00
1293;Real demand;;;24350;2026-03-15T23:50:00+01:00
1293;Real demand;;;24258;2026-03-15T23:55:00+01:00
1293;Real demand;;;23867;2026-03-16T00:00:00+01:00
1293;Real demand;;;23903;2026-03-16T00:05:00+01:00
1293;Real demand;;;23900;2026-03-16T00:10:00+01:00
1293;Real demand;;;23778;2026-03-16T00:15:00+01:00
1293;Real demand;;;23687;2026-03-16T00:20:00+01:00
1293;Real demand;;;23441;2026-03-16T00:25:00+01:00
1293;Real demand;;;23171;2026-03-16T00:30:00+01:00
1293;Real demand;;;23208;2026-03-16T00:35:00+01:00
1293;Real demand;;;23163;2026-03-16T00:40:00+01:00
1293;Real demand;;;22868;2026-03-16T00:45:00+01:00
1293;Real demand;;;22815;2026-03-16T00:50:00+01:00
1293;Real demand;;;22743;2026-03-16T00:55:00+01:00
1293;Real demand;;;22581;2026-03-16T01:00:00+01:00
1293;Real demand;;;22583;2026-03-16T01:05:00+01:00
1293;Real demand;;;22482;2026-03-16T01:10:00+01:00
1293;Real demand;;;22380;2026-03-16T01:15:00+01:00
1293;Real demand;;;22340;2026-03-16T01:20:00+01:00
1293;Real demand;;;22004;2026-03-16T01:25:00+01:00
1293;Real demand;;;21857;2026-03-16T01:30:00+01:00
1293;Real demand;;;21837;2026-03-16T01:35:00+01:00
1293;Real demand;;;21792;2026-03-16T01:40:00+01:00
1293;Real demand;;;21735;2026-03-16T01:45:00+01:00
1293;Real demand;;;21754;2026-03-16T01:50:00+01:00
1293;Real demand;;;21663;2026-03-16T01:55:00+01:00
1293;Real demand;;;21813;2026-03-16T02:00:00+01:00
1293;Real demand;;;21634;2026-03-16T02:05:00+01:00
1293;Real demand;;;21428;2026-03-16T02:10:00+01:00
1293;Real demand;;;21432;2026-03-16T02:15:00+01:00
1293;Real demand;;;21449;2026-03-16T02:20:00+01:00
1293;Real demand;;;21397;2026-03-16T02:25:00+01:00
1293;Real demand;;;21346;2026-03-16T02:30:00+01:00
1293;Real demand;;;21370;2026-03-16T02:35:00+01:00
1293;Real demand;;;21247;2026-03-16T02:40:00+01:00
1293;Real demand;;;21082;2026-03-16T02:45:00+01:00
1293;Real demand;;;21086;2026-03-16T02:50:00+01:00
1293;Real demand;;;21203;2026-03-16T02:55:00+01:00
1293;Real demand;;;21096;2026-03-16T03:00:00+01:00
1293;Real demand;;;20992;2026-03-16T03:05:00+01:00
1293;Real demand;;;21144;2026-03-16T03:10:00+01:00
1293;Real demand;;;21166;2026-03-16T03:15:00+01:00
1293;Real demand;;;21343;2026-03-16T03:20:00+01:00
1293;Real demand;;;21145;2026-03-16T03:25:00+01:00
1293;Real demand;;;21137;2026-03-16T03:30:00+01:00
1293;Real demand;;;21163;2026-03-16T03:35:00+01:00
1293;Real demand;;;21246;2026-03-16T03:40:00+01:00
1293;Real demand;;;20964;2026-03-16T03:45:00+01:00
1293;Real demand;;;21044;2026-03-16T03:50:00+01:00
1293;Real demand;;;20745;2026-03-16T03:55:00+01:00
1293;Real demand;;;20941;2026-03-16T04:00:00+01:00
1293;Real demand;;;21073;2026-03-16T04:05:00+01:00
1293;Real demand;;;21172;2026-03-16T04:10:00+01:00
1293;Real demand;;;21138;2026-03-16T04:15:00+01:00
1293;Real demand;;;21178;2026-03-16T04:20:00+01:00
1293;Real demand;;;20996;2026-03-16T04:25:00+01:00
1293;Real demand;;;21105;2026-03-16T04:30:00+01:00
1293;Real demand;;;21402;2026-03-16T04:35:00+01:00
1293;Real demand;;;21389;2026-03-16T04:40:00+01:00
1293;Real demand;;;21418;2026-03-16T04:45:00+01:00
1293;Real demand;;;21113;2026-03-16T04:50:00+01:00
1293;Real demand;;;21507;2026-03-16T04:55:00+01:00
1293;Real demand;;;21759;2026-03-16T05:00:00+01:00
1293;Real demand;;;21746;2026-03-16T05:05:00+01:00
1293;Real demand;;;21856;2026-03-16T05:10:00+01:00
1293;Real demand;;;21862;2026-03-16T05:15:00+01:00
1293;Real demand;;;22089;2026-03-16T05:20:00+01:00
1293;Real demand;;;22028;2026-03-16T05:25:00+01:00
1293;Real demand;;;22279;2026-03-16T05:30:00+01:00
1293;Real demand;;;22293;2026-03-16T05:35:00+01:00
1293;Real demand;;;22386;2026-03-16T05:40:00+01:00
1293;Real demand;;;22547;2026-03-16T05:45:00+01:00
1293;Real demand;;;22916;2026-03-16T05:50:00+01:00
1293;Real demand;;;23236;2026-03-16T05:55:00+01:00
1293;Real demand;;;23209;2026-03-16T06:00:00+01:00
1293;Real demand;;;23871;2026-03-16T06:05:00+01:00
1293;Real demand;;;24476;2026-03-16T06:10:00+01:00
1293;Real demand;;;24858;2026-03-16T06:15:00+01:00
1293;Real demand;;;25327;2026-03-16T06:20:00+01:00
1293;Real demand;;;25256;2026-03-16T06:25:00+01:00
1293;Real demand;;;25562;2026-03-16T06:30:00+01:00
1293;Real demand;;;26264;2026-03-16T06:35:00+01:00
1293;Real demand;;;26585;2026-03-16T06:40:00+01:00
1293;Real demand;;;26969;2026-03-16T06:45:00+01:00
1293;Real demand;;;27099;2026-03-16T06:50:00+01:00
1293;Real demand;;;27481;2026-03-16T06:55:00+01:00
1293;Real demand;;;27995;2026-03-16T07:00:00+01:00
1293;Real demand;;;28734;2026-03-16T07:05:00+01:00
1293;Real demand;;;29031;2026-03-16T07:10:00+01:00
1293;Real demand;;;29179;2026-03-16T07:15:00+01:00
1293;Real demand;;;29674;2026-03-16T07:20:00+01:00
1293;Real demand;;;29961;2026-03-16T07:25:00+01:00
1293;Real demand;;;30128;2026-03-16T07:30:00+01:00
1293;Real demand;;;30300;2026-03-16T07:35:00+01:00
1293;Real demand;;;30654;2026-03-16T07:40:00+01:00
1293;Real demand;;;31106;2026-03-16T07:45:00+01:00
1293;Real demand;;;31147;2026-03-16T07:50:00+01:00
1293;Real demand;;;31360;2026-03-16T07:55:00+01:00
1293;Real demand;;;31270;2026-03-16T08:00:00+01:00
1293;Real demand;;;31854;2026-03-16T08:05:00+01:00
1293;Real demand;;;32143;2026-03-16T08:10:00+01:00
1293;Real demand;;;32737;2026-03-16T08:15:00+01:00
1293;Real demand;;;32758;2026-03-16T08:20:00+01:00
1293;Real demand;;;33158;2026-03-16T08:25:00+01:00
1293;Real demand;;;33057;2026-03-16T08:30:00+01:00
1293;Real demand;;;33298;2026-03-16T08:35:00+01:00
1293;Real demand;;;33430;2026-03-16T08:40:00+01:00
1293;Real demand;;;33301;2026-03-16T08:45:00+01:00
1293;Real demand;;;33521;2026-03-16T08:50:00+01:00
1293;Real demand;;;33445;2026-03-16T08:55:00+01:00
1293;Real demand;;;33704;2026-03-16T09:00:00+01:00
1293;Real demand;;;33818;2026-03-16T09:05:00+01:00
1293;Real demand;;;34064;2026-03-16T09:10:00+01:00
1293;Real demand;;;34335;2026-03-16T09:15:00+01:00
1293;Real demand;;;34215;2026-03-16T09:20:00+01:00
1293;Real demand;;;34198;2026-03-16T09:25:00+01:00
1293;Real demand;;;34002;2026-03-16T09:30:00+01:00
1293;Real demand;;;34251;2026-03-16T09:35:00+01:00
1293;Real demand;;;34055;2026-03-16T09:40:00+01:00
1293;Real demand;;;34137;2026-03-16T09:45:00+01:00
1293;Real demand;;;34118;2026-03-16T09:50:00+01:00
1293;Real demand;;;33973;2026-03-16T09:55:00+01:00
1293;Real demand;;;33871;2026-03-16T10:00:00+01:00
1293;Real demand;;;33810;2026-03-16T10:05:00+01:00
1293;Real demand;;;33934;2026-03-16T10:10:00+01:00
1293;Real demand;;;33967;2026-03-16T10:15:00+01:00
1293;Real demand;;;33935;2026-03-16T10:20:00+01:00
1293;Real demand;;;33804;2026-03-16T10:25:00+01:00
1293;Real demand;;;33723;2026-03-16T10:30:00+01:00
1293;Real demand;;;33778;2026-03-16T10:35:00+01:00
1293;Real demand;;;33757;2026-03-16T10:40:00+01:00
1293;Real demand;;;33514;2026-03-16T10:45:00+01:00
1293;Real demand;;;33615;2026-03-16T10:50:00+01:00
1293;Real demand;;;33344;2026-03-16T10:55:00+01:00
1293;Real demand;;;33447;2026-03-16T11:00:00+01:00
1293;Real demand;;;33375;2026-03-16T11:05:00+01:00
1293;Real demand;;;33388;2026-03-16T11:10:00+01:00
1293;Real demand;;;33210;2026-03-16T11:15:00+01:00
1293;Real demand;;;33191;2026-03-16T11:20:00+01:00
1293;Real demand;;;32923;2026-03-16T11:25:00+01:00
1293;Real demand;;;32992;2026-03-16T11:30:00+01:00
1293;Real demand;;;33164;2026-03-16T11:35:00+01:00
1293;Real demand;;;33071;2026-03-16T11:40:00+01:00
1293;Real demand;;;33042;2026-03-16T11:45:00+01:00
1293;Real demand;;;33019;2026-03-16T11:50:00+01:00
1293;Real demand;;;32980;2026-03-16T11:55:00+01:00
1293;Real demand;;;32947;2026-03-16T12:00:00+01:00
1293;Real demand;;;32702;2026-03-16T12:05:00+01:00
1293;Real demand;;;32854;2026-03-16T12:10:00+01:00
1293;Real demand;;;32789;2026-03-16T12:15:00+01:00
1293;Real demand;;;32814;2026-03-16T12:20:00+01:00
1293;Real demand;;;32625;2026-03-16T12:25:00+01:00
1293;Real demand;;;32569;2026-03-16T12:30:00+01:00
1293;Real demand;;;32530;2026-03-16T12:35:00+01:00
1293;Real demand;;;32687;2026-03-16T12:40:00+01:00
1293;Real demand;;;32515;2026-03-16T12:45:00+01:00
1293;Real demand;;;32637;2026-03-16T12:50:00+01:00
1293;Real demand;;;32480;2026-03-16T12:55:00+01:00
1293;Real demand;;;32662;2026-03-16T13:00:00+01:00
1293;Real demand;;;32711;2026-03-16T13:05:00+01:00
1293;Real demand;;;32655;2026-03-16T13:10:00+01:00
1293;Real demand;;;32695;2026-03-16T13:15:00+01:00
1293;Real demand;;;32911;2026-03-16T13:20:00+01:00
1293;Real demand;;;32848;2026-03-16T13:25:00+01:00
1293;Real demand;;;32666;2026-03-16T13:30:00+01:00
1293;Real demand;;;32622;2026-03-16T13:35:00+01:00
1293;Real demand;;;32573;2026-03-16T13:40:00+01:00
1293;Real demand;;;32568;2026-03-16T13:45:00+01:00
1293;Real demand;;;32635;2026-03-16T13:50:00+01:00
1293;Real demand;;;32353;2026-03-16T13:55:00+01:00
1293;Real demand;;;32295;2026-03-16T14:00:00+01:00
1293;Real demand;;;32459;2026-03-16T14:05:00+01:00
1293;Real demand;;;32680;2026-03-16T14:10:00+01:00
1293;Real demand;;;32668;2026-03-16T14:15:00+01:00
1293;Real demand;;;32776;2026-03-16T14:20:00+01:00
1293;Real demand;;;32675;2026-03-16T14:25:00+01:00
1293;Real demand;;;32518;2026-03-16T14:30:00+01:00
1293;Real demand;;;32640;2026-03-16T14:35:00+01:00
1293;Real demand;;;32685;2026-03-16T14:40:00+01:00
1293;Real demand;;;32537;2026-03-16T14:45:00+01:00
1293;Real demand;;;32206;2026-03-16T14:50:00+01:00
1293;Real demand;;;32248;2026-03-16T14:55:00+01:00
1293;Real demand;;;32266;2026-03-16T15:00:00+01:00
1293;Real demand;;;32574;2026-03-16T15:05:00+01:00
1293;Real demand;;;32571;2026-03-16T15:10:00+01:00
1293;Real demand;;;32373;2026-03-16T15:15:00+01:00
1293;Real demand;;;32220;2026-03-16T15:20:00+01:00
1293;Real demand;;;32124;2026-03-16T15:25:00+01:00
1293;Real demand;;;32283;2026-03-16T15:30:00+01:00
1293;Real demand;;;32034;2026-03-16T15:35:00+01:00
1293;Real demand;;;32134;2026-03-16T15:40:00+01:00
1293;Real demand;;;32137;2026-03-16T15:45:00+01:00
1293;Real demand;;;32240;2026-03-16T15:50:00+01:00
1293;Real demand;;;32407;2026-03-16T15:55:00+01:00
1293;Real demand;;;32549;2026-03-16T16:00:00+01:00
1293;Real demand;;;32583;2026-03-16T16:05:00+01:00
1293;Real demand;;;32668;2026-03-16T16:10:00+01:00
1293;Real demand;;;32191;2026-03-16T16:15:00+01:00
1293;Real demand;;;32401;2026-03-16T16:20:00+01:00
1293;Real demand;;;32479;2026-03-16T16:25:00+01:00
1293;Real demand;;;32475;2026-03-16T16:30:00+01:00
1293;Real demand;;;32533;2026-03-16T16:35:00+01:00
1293;Real demand;;;32401;2026-03-16T16:40:00+01:00
1293;Real demand;;;32474;2026-03-16T16:45:00+01:00
1293;Real demand;;;32709;2026-03-16T16:50:00+01:00
1293;Real demand;;;32514;2026-03-16T16:55:00+01:00
1293;Real demand;;;32416;2026-03-16T17:00:00+01:00
1293;Real demand;;;32626;2026-03-16T17:05:00+01:00
1293;Real demand;;;32876;2026-03-16T17:10:00+01:00
1293;Real demand;;;32969;2026-03-16T17:15:00+01:00
1293;Real demand;;;33006;2026-03-16T17:20:00+01:00
1293;Real demand;;;32981;2026-03-16T17:25:00+01:00
1293;Real demand;;;32897;2026-03-16T17:30:00+01:00
1293;Real demand;;;32619;2026-03-16T17:35:00+01:00
1293;Real demand;;;32592;2026-03-16T17:40:00+01:00
1293;Real demand;;;32690;2026-03-16T17:45:00+01:00
1293;Real demand;;;32288;2026-03-16T17:50:00+01:00
1293;Real demand;;;32185;2026-03-16T17:55:00+01:00
1293;Real demand;;;31932;2026-03-16T18:00:00+01:00
1293;Real demand;;;31814;2026-03-16T18:05:00+01:00
1293;Real demand;;;31814;2026-03-16T18:10:00+01:00
1293;Real demand;;;31820;2026-03-16T18:15:00+01:00
1293;Real demand;;;31655;2026-03-16T18:20:00+01:00
1293;Real demand;;;31538;2026-03-16T18:25:00+01:00
1293;Real demand;;;31499;2026-03-16T18:30:00+01:00
1293;Real demand;;;31708;2026-03-16T18:35:00+01:00
1293;Real demand;;;31575;2026-03-16T18:40:00+01:00
1293;Real demand;;;31302;2026-03-16T18:45:00+01:00
1293;Real demand;;;31589;2026-03-16T18:50:00+01:00
1293;Real demand;;;31511;2026-03-16T18:55:00+01:00
1293;Real demand;;;31611;2026-03-16T19:00:00+01:00
1293;Real demand;;;31644;2026-03-16T19:05:00+01:00
1293;Real demand;;;31818;2026-03-16T19:10:00+01:00
1293;Real demand;;;32003;2026-03-16T19:15:00+01:00
1293;Real demand;;;32055;2026-03-16T19:20:00+01:00
1293;Real demand;;;32291;2026-03-16T19:25:00+01:00
1293;Real demand;;;32291;2026-03-16T19:30:00+01:00
1293;Real demand;;;32709;2026-03-16T19:35:00+01:00
1293;Real demand;;;32892;2026-03-16T19:40:00+01:00
1293;Real demand;;;33085;2026-03-16T19:45:00+01:00
1293;Real demand;;;33375;2026-03-16T19:50:00+01:00
1293;Real demand;;;33500;2026-03-16T19:55:00+01:00
1293;Real demand;;;33606;2026-03-16T20:00:00+01:00
1293;Real demand;;;33770;2026-03-16T20:05:00+01:00
1293;Real demand;;;34119;2026-03-16T20:10:00+01:00
1293;Real demand;;;33898;2026-03-16T20:15:00+01:00
1293;Real demand;;;34391;2026-03-16T20:20:00+01:00
1293;Real demand;;;34304;2026-03-16T20:25:00+01:00
1293;Real demand;;;34569;2026-03-16T20:30:00+01:00
1293;Real demand;;;34478;2026-03-16T20:35:00+01:00
1293;Real demand;;;34391;2026-03-16T20:40:00+01:00
1293;Real demand;;;34213;2026-03-16T20:45:00+01:00
1293;Real demand;;;34271;2026-03-16T20:50:00+01:00
1293;Real demand;;;34363;2026-03-16T20:55:00+01:00
1293;Real demand;;;34302;2026-03-16T21:00:00+01:00
1293;Real demand;;;34153;2026-03-16T21:05:00+01:00
1293;Real demand;;;34079;2026-03-16T21:10:00+01:00
1293;Real demand;;;34259;2026-03-16T21:15:00+01:00
1293;Real demand;;;34095;2026-03-16T21:20:00+01:00
1293;Real demand;;;33746;2026-03-16T21:25:00+01:00
1293;Real demand;;;33755;2026-03-16T21:30:00+01:00
1293;Real demand;;;33556;2026-03-16T21:35:00+01:00
1293;Real demand;;;33112;2026-03-16T21:40:00+01:00
1293;Real demand;;;32736;2026-03-16T21:45:00+01:00
1293;Real demand;;;32534;2026-03-16T21:50:00+01:00
1293;Real demand;;;32385;2026-03-16T21:55:00+01:00
1293;Real demand;;;31951;2026-03-16T22:00:00+01:00
1293;Real demand;;;31554;2026-03-16T22:05:00+01:00
1293;Real demand;;;31339;2026-03-16T22:10:00+01:00
1293;Real demand;;;31067;2026-03-16T22:15:00+01:00
1293;Real demand;;;31018;2026-03-16T22:20:00+01:00
1293;Real demand;;;30674;2026-03-16T22:25:00+01:00
1293;Real demand;;;30288;2026-03-16T22:30:00+01:00
1293;Real demand;;;30126;2026-03-16T22:35:00+01:00
1293;Real demand;;;29783;2026-03-16T22:40:00+01:00
1293;Real demand;;;29614;2026-03-16T22:45:00+01:00
1293;Real demand;;;29381;2026-03-16T22:50:00+01:00
1293;Real demand;;;29133;2026-03-16T22:55:00+01:00
1293;Real demand;;;28766;2026-03-16T23:00:00+01:00
1293;Real demand;;;28371;2026-03-16T23:05:00+01:00
1293;Real demand;;;28430;2026-03-16T23:10:00+01:00
1293;Real demand;;;28055;2026-03-16T23:15:00+01:00
1293;Real demand;;;27791;2026-03-16T23:20:00+01:00
1293;Real demand;;;27462;2026-03-16T23:25:00+01:00
1293;Real demand;;;27238;2026-03-16T23:30:00+01:00
1293;Real demand;;;27017;2026-03-16T23:35:00+01:00
1293;Real demand;;;26679;2026-03-16T23:40:00+01:00
1293;Real demand;;;26532;2026-03-16T23:45:00+01:00
1293;Real demand;;;26173;2026-03-16T23:50:00+01:00
1293;Real demand;;;26196;2026-03-16T23:55:00+01:00
1293;Real demand;;;26099;2026-03-17T00:00:00+01:00
1293;Real demand;;;25924;2026-03-17T00:05:00+01:00
1293;Real demand;;;25914;2026-03-17T00:10:00+01:00
1293;Real demand;;;25850;2026-03-17T00:15:00+01:00
1293;Real demand;;;25786;2026-03-17T00:20:00+01:00
1293;Real demand;;;25499;2026-03-17T00:25:00+01:00
1293;Real demand;;;25376;2026-03-17T00:30:00+01:00
1293;Real demand;;;25231;2026-03-17T00:35:00+01:00
1293;Real demand;;;24890;2026-03-17T00:40:00+01:00
1293;Real demand;;;24828;2026-03-17T00:45:00+01:00
1293;Real demand;;;24875;2026-03-17T00:50:00+01:00
1293;Real demand;;;24928;2026-03-17T00:55:00+01:00
1293;Real demand;;;24722;2026-03-17T01:00:00+01:00
1293;Real demand;;;24521;2026-03-17T01:05:00+01:00
1293;Real demand;;;24499;2026-03-17T01:10:00+01:00
1293;Real demand;;;24333;2026-03-17T01:15:00+01:00
1293;Real demand;;;24037;2026-03-17T01:20:00+01:00
1293;Real demand;;;24086;2026-03-17T01:25:00+01:00
1293;Real demand;;;23894;2026-03-17T01:30:00+01:00
1293;Real demand;;;23892;2026-03-17T01:35:00+01:00
1293;Real demand;;;23738;2026-03-17T01:40:00+01:00
1293;Real demand;;;23447;2026-03-17T01:45:00+01:00
1293;Real demand;;;23502;2026-03-17T01:50:00+01:00
1293;Real demand;;;23634;2026-03-17T01:55:00+01:00
1293;Real demand;;;23450;2026-03-17T02:00:00+01:00
1293;Real demand;;;23184;2026-03-17T02:05:00+01:00
1293;Real demand;;;22993;2026-03-17T02:10:00+01:00
1293;Real demand;;;23029;2026-03-17T02:15:00+01:00
1293;Real demand;;;22966;2026-03-17T02:20:00+01:00
1293;Real demand;;;22972;2026-03-17T02:25:00+01:00
1293;Real demand;;;23006;2026-03-17T02:30:00+01:00
1293;Real demand;;;22856;2026-03-17T02:35:00+01:00
1293;Real demand;;;22783;2026-03-17T02:40:00+01:00
1293;Real demand;;;22775;2026-03-17T02:45:00+01:00
1293;Real demand;;;22639;2026-03-17T02:50:00+01:00
1293;Real demand;;;22528;2026-03-17T02:55:00+01:00
1293;Real demand;;;22536;2026-03-17T03:00:00+01:00
1293;Real demand;;;22534;2026-03-17T03:05:00+01:00
1293;Real demand;;;22493;2026-03-17T03:10:00+01:00
1293;Real demand;;;22553;2026-03-17T03:15:00+01:00
1293;Real demand;;;22657;2026-03-17T03:20:00+01:00
1293;Real demand;;;22590;2026-03-17T03:25:00+01:00
1293;Real demand;;;22501;2026-03-17T03:30:00+01:00
1293;Real demand;;;22527;2026-03-17T03:35:00+01:00
1293;Real demand;;;22601;2026-03-17T03:40:00+01:00
1293;Real demand;;;22550;2026-03-17T03:45:00+01:00
1293;Real demand;;;22454;2026-03-17T03:50:00+01:00
1293;Real demand;;;22442;2026-03-17T03:55:00+01:00
1293;Real demand;;;22375;2026-03-17T04:00:00+01:00
1293;Real demand;;;22291;2026-03-17T04:05:00+01:00
1293;Real demand;;;22318;2026-03-17T04:10:00+01:00
1293;Real demand;;;22426;2026-03-17T04:15:00+01:00
1293;Real demand;;;22508;2026-03-17T04:20:00+01:00
1293;Real demand;;;22679;2026-03-17T04:25:00+01:00
1293;Real demand;;;22492;2026-03-17T04:30:00+01:00
1293;Real demand;;;22645;2026-03-17T04:35:00+01:00
1293;Real demand;;;22665;2026-03-17T04:40:00+01:00
1293;Real demand;;;22862;2026-03-17T04:45:00+01:00
1293;Real demand;;;22954;2026-03-17T04:50:00+01:00
1293;Real demand;;;22969;2026-03-17T04:55:00+01:00
1293;Real demand;;;22972;2026-03-17T05:00:00+01:00
1293;Real demand;;;22987;2026-03-17T05:05:00+01:00
1293;Real demand;;;23423;2026-03-17T05:10:00+01:00
1293;Real demand;;;23275;2026-03-17T05:15:00+01:00
1293;Real demand;;;23362;2026-03-17T05:20:00+01:00
1293;Real demand;;;23562;2026-03-17T05:25:00+01:00
1293;Real demand;;;23277;2026-03-17T05:30:00+01:00
1293;Real demand;;;23662;2026-03-17T05:35:00+01:00
1293;Real demand;;;23718;2026-03-17T05:40:00+01:00
1293;Real demand;;;23807;2026-03-17T05:45:00+01:00
1293;Real demand;;;24046;2026-03-17T05:50:00+01:00
1293;Real demand;;;24192;2026-03-17T05:55:00+01:00
1293;Real demand;;;24282;2026-03-17T06:00:00+01:00
1293;Real demand;;;25120;2026-03-17T06:05:00+01:00
1293;Real demand;;;25561;2026-03-17T06:10:00+01:00
1293;Real demand;;;25664;2026-03-17T06:15:00+01:00
1293;Real demand;;;26100;2026-03-17T06:20:00+01:00
1293;Real demand;;;26599;2026-03-17T06:25:00+01:00
1293;Real demand;;;26585;2026-03-17T06:30:00+01:00
1293;Real demand;;;26697;2026-03-17T06:35:00+01:00
1293;Real demand;;;27114;2026-03-17T06:40:00+01:00
1293;Real demand;;;27476;2026-03-17T06:45:00+01:00
1293;Real demand;;;27699;2026-03-17T06:50:00+01:00
1293;Real demand;;;28221;2026-03-17T06:55:00+01:00
1293;Real demand;;;28606;2026-03-17T07:00:00+01:00
1293;Real demand;;;29166;2026-03-17T07:05:00+01:00
1293;Real demand;;;29641;2026-03-17T07:10:00+01:00
1293;Real demand;;;29699;2026-03-17T07:15:00+01:00
1293;Real demand;;;29795;2026-03-17T07:20:00+01:00
1293;Real demand;;;30220;2026-03-17T07:25:00+01:00
1293;Real demand;;;30344;2026-03-17T07:30:00+01:00
1293;Real demand;;;30342;2026-03-17T07:35:00+01:00
1293;Real demand;;;30818;2026-03-17T07:40:00+01:00
1293;Real demand;;;30889;2026-03-17T07:45:00+01:00
1293;Real demand;;;31269;2026-03-17T07:50:00+01:00
1293;Real demand;;;31334;2026-03-17T07:55:00+01:00
1293;Real demand;;;31541;2026-03-17T08:00:00+01:00
1293;Real demand;;;31913;2026-03-17T08:05:00+01:00
1293;Real demand;;;32225;2026-03-17T08:10:00+01:00
1293;Real demand;;;32405;2026-03-17T08:15:00+01:00
1293;Real demand;;;32629;2026-03-17T08:20:00+01:00
1293;Real demand;;;32731;2026-03-17T08:25:00+01:00
1293;Real demand;;;33014;2026-03-17T08:30:00+01:00
1293;Real demand;;;32884;2026-03-17T08:35:00+01:00
1293;Real demand;;;33075;2026-03-17T08:40:00+01:00
1293;Real demand;;;33062;2026-03-17T08:45:00+01:00
1293;Real demand;;;33372;2026-03-17T08:50:00+01:00
1293;Real demand;;;33385;2026-03-17T08:55:00+01:00
1293;Real demand;;;22936;2026-03-17T09:00:00+01:00
1293;Real demand;;;22936;2026-03-17T09:05:00+01:00
1293;Real demand;;;22936;2026-03-17T09:10:00+01:00
1293;Real demand;;;22936;2026-03-17T09:15:00+01:00
1293;Real demand;;;22936;2026-03-17T09:20:00+01:00
1293;Real demand;;;22936;2026-03-17T09:25:00+01:00
1293;Real demand;;;22936;2026-03-17T09:30:00+01:00
1293;Real demand;;;22936;2026-03-17T09:35:00+01:00
1293;Real demand;;;22936;2026-03-17T09:40:00+01:00
1293;Real demand;;;22936;2026-03-17T09:45:00+01:00
1293;Real demand;;;22936;2026-03-17T09:50:00+01:00
1293;Real demand;;;22936;2026-03-17T09:55:00+01:00
1293;Real demand;;;22936;2026-03-17T10:00:00+01:00
1293;Real demand;;;22936;2026-03-17T10:05:00+01:00
1293;Real demand;;;22936;2026-03-17T10:10:00+01:00
1293;Real demand;;;22936;2026-03-17T10:15:00+01:00
1293;Real demand;;;22936;2026-03-17T10:20:00+01:00
1293;Real demand;;;22936;2026-03-17T10:25:00+01:00
1293;Real demand;;;22936;2026-03-17T10:30:00+01:00
1293;Real demand;;;22936;2026-03-17T10:35:00+01:00
1293;Real demand;;;22936;2026-03-17T10:40:00+01:00
1293;Real demand;;;22936;2026-03-17T10:45:00+01:00
1293;Real demand;;;22936;2026-03-17T10:50:00+01:00
1293;Real demand;;;22936;2026-03-17T10:55:00+01:00
1293;Real demand;;;22936;2026-03-17T11:00:00+01:00
1293;Real demand;;;22936;2026-03-17T11:05:00+01:00
1293;Real demand;;;22936;2026-03-17T11:10:00+01:00
1293;Real demand;;;22936;2026-03-17T11:15:00+01:00
1293;Real demand;;;22936;2026-03-17T11:20:00+01:00
1293;Real demand;;;22936;2026-03-17T11:25:00+01:00
1293;Real demand;;;22936;2026-03-17T11:30:00+01:00
1293;Real demand;;;22936;2026-03-17T11:35:00+01:00
1293;Real demand;;;22936;2026-03-17T11:40:00+01:00
1293;Real demand;;;22936;2026-03-17T11:45:00+01:00
1293;Real demand;;;31486;2026-03-17T11:50:00+01:00
1293;Real demand;;;31486;2026-03-17T11:55:00+01:00
1293;Real demand;;;31486;2026-03-17T12:00:00+01:00
1293;Real demand;;;31486;2026-03-17T12:05:00+01:00
1293;Real demand;;;31486;2026-03-17T12:10:00+01:00
1293;Real demand;;;31486;2026-03-17T12:15:00+01:00
1293;Real demand;;;31486;2026-03-17T12:20:00+01:00
1293;Real demand;;;31486;2026-03-17T12:25:00+01:00
1293;Real demand;;;31486;2026-03-17T12:30:00+01:00
1293;Real demand;;;31486;2026-03-17T12:35:00+01:00
1293;Real demand;;;31486;2026-03-17T12:40:00+01:00
1293;Real demand;;;31486;2026-03-17T12:45:00+01:00
1293;Real demand;;;31486;2026-03-17T12:50:00+01:00
1293;Real demand;;;31486;2026-03-17T12:55:00+01:00
1293;Real demand;;;31700;2026-03-17T13:00:00+01:00
1293;Real demand;;;31748;2026-03-17T13:05:00+01:00
1293;Real demand;;;31748;2026-03-17T13:10:00+01:00
1293;Real demand;;;31707;2026-03-17T13:15:00+01:00
1293;Real demand;;;31813;2026-03-17T13:20:00+01:00
1293;Real demand;;;31625;2026-03-17T13:25:00+01:00
1293;Real demand;;;31418;2026-03-17T13:30:00+01:00
1293;Real demand;;;31592;2026-03-17T13:35:00+01:00
1293;Real demand;;;31367;2026-03-17T13:40:00+01:00
1293;Real demand;;;31352;2026-03-17T13:45:00+01:00
1293;Real demand;;;31494;2026-03-17T13:50:00+01:00
1293;Real demand;;;31215;2026-03-17T13:55:00+01:00
1293;Real demand;;;31123;2026-03-17T14:00:00+01:00
1293;Real demand;;;31370;2026-03-17T14:05:00+01:00
1293;Real demand;;;31376;2026-03-17T14:10:00+01:00
1293;Real demand;;;31474;2026-03-17T14:15:00+01:00
1293;Real demand;;;31447;2026-03-17T14:20:00+01:00
1293;Real demand;;;31465;2026-03-17T14:25:00+01:00
1293;Real demand;;;31640;2026-03-17T14:30:00+01:00
1293;Real demand;;;31709;2026-03-17T14:35:00+01:00
1293;Real demand;;;31542;2026-03-17T14:40:00+01:00
1293;Real demand;;;31285;2026-03-17T14:45:00+01:00
1293;Real demand;;;31207;2026-03-17T14:50:00+01:00
1293;Real demand;;;31248;2026-03-17T14:55:00+01:00
1293;Real demand;;;31105;2026-03-17T15:00:00+01:00
1293;Real demand;;;31219;2026-03-17T15:05:00+01:00
1293;Real demand;;;31205;2026-03-17T15:10:00+01:00
1293;Real demand;;;31157;2026-03-17T15:15:00+01:00
1293;Real demand;;;31096;2026-03-17T15:20:00+01:00
1293;Real demand;;;31007;2026-03-17T15:25:00+01:00
1293;Real demand;;;30977;2026-03-17T15:30:00+01:00
1293;Real demand;;;31183;2026-03-17T15:35:00+01:00
1293;Real demand;;;31112;2026-03-17T15:40:00+01:00
1293;Real demand;;;31188;2026-03-17T15:45:00+01:00
1293;Real demand;;;31155;2026-03-17T15:50:00+01:00
1293;Real demand;;;30992;2026-03-17T15:55:00+01:00
1293;Real demand;;;31057;2026-03-17T16:00:00+01:00
1293;Real demand;;;31085;2026-03-17T16:05:00+01:00
1293;Real demand;;;31240;2026-03-17T16:10:00+01:00
1293;Real demand;;;31387;2026-03-17T16:15:00+01:00
1293;Real demand;;;31278;2026-03-17T16:20:00+01:00
1293;Real demand;;;31495;2026-03-17T16:25:00+01:00
1293;Real demand;;;31265;2026-03-17T16:30:00+01:00
1293;Real demand;;;31331;2026-03-17T16:35:00+01:00
1293;Real demand;;;31534;2026-03-17T16:40:00+01:00
1293;Real demand;;;31502;2026-03-17T16:45:00+01:00
1293;Real demand;;;31588;2026-03-17T16:50:00+01:00
1293;Real demand;;;31215;2026-03-17T16:55:00+01:00
1293;Real demand;;;31378;2026-03-17T17:00:00+01:00
1293;Real demand;;;31581;2026-03-17T17:05:00+01:00
1293;Real demand;;;31777;2026-03-17T17:10:00+01:00
1293;Real demand;;;31686;2026-03-17T17:15:00+01:00
1293;Real demand;;;31590;2026-03-17T17:20:00+01:00
1293;Real demand;;;31696;2026-03-17T17:25:00+01:00
1293;Real demand;;;31741;2026-03-17T17:30:00+01:00
1293;Real demand;;;31217;2026-03-17T17:35:00+01:00
1293;Real demand;;;31224;2026-03-17T17:40:00+01:00
1293;Real demand;;;31190;2026-03-17T17:45:00+01:00
1293;Real demand;;;31060;2026-03-17T17:50:00+01:00
1293;Real demand;;;31097;2026-03-17T17:55:00+01:00
1293;Real demand;;;30692;2026-03-17T18:00:00+01:00
1293;Real demand;;;30842;2026-03-17T18:05:00+01:00
1293;Real demand;;;31042;2026-03-17T18:10:00+01:00
1293;Real demand;;;30772;2026-03-17T18:15:00+01:00
1293;Real demand;;;30754;2026-03-17T18:20:00+01:00
1293;Real demand;;;30792;2026-03-17T18:25:00+01:00
1293;Real demand;;;30707;2026-03-17T18:30:00+01:00
1293;Real demand;;;30851;2026-03-17T18:35:00+01:00
1293;Real demand;;;30871;2026-03-17T18:40:00+01:00
1293;Real demand;;;30435;2026-03-17T18:45:00+01:00